-- MariaDB dump 10.17  Distrib 10.4.14-MariaDB, for Linux (x86_64)
--
-- Host: localhost    Database: snet0408
-- ------------------------------------------------------
-- Server version	10.4.14-MariaDB

/*!40101 SET @OLD_CHARACTER_SET_CLIENT=@@CHARACTER_SET_CLIENT */;
/*!40101 SET @OLD_CHARACTER_SET_RESULTS=@@CHARACTER_SET_RESULTS */;
/*!40101 SET @OLD_COLLATION_CONNECTION=@@COLLATION_CONNECTION */;
/*!40101 SET NAMES utf8mb4 */;
/*!40103 SET @OLD_TIME_ZONE=@@TIME_ZONE */;
/*!40103 SET TIME_ZONE='+00:00' */;
/*!40014 SET @OLD_UNIQUE_CHECKS=@@UNIQUE_CHECKS, UNIQUE_CHECKS=0 */;
/*!40014 SET @OLD_FOREIGN_KEY_CHECKS=@@FOREIGN_KEY_CHECKS, FOREIGN_KEY_CHECKS=0 */;
/*!40101 SET @OLD_SQL_MODE=@@SQL_MODE, SQL_MODE='NO_AUTO_VALUE_ON_ZERO' */;
/*!40111 SET @OLD_SQL_NOTES=@@SQL_NOTES, SQL_NOTES=0 */;

--
-- Table structure for table `comments`
--

DROP TABLE IF EXISTS `comments`;
/*!40101 SET @saved_cs_client     = @@character_set_client */;
/*!40101 SET character_set_client = utf8 */;
CREATE TABLE `comments` (
  `id` bigint(20) unsigned NOT NULL AUTO_INCREMENT,
  `user_id` bigint(20) unsigned NOT NULL,
  `post_id` bigint(20) unsigned NOT NULL,
  `body` text DEFAULT NULL,
  `created_at` datetime DEFAULT current_timestamp(),
  `updated_at` datetime DEFAULT current_timestamp() ON UPDATE current_timestamp(),
  PRIMARY KEY (`id`),
  KEY `user_id` (`user_id`),
  KEY `post_id` (`post_id`),
  CONSTRAINT `comments_ibfk_1` FOREIGN KEY (`user_id`) REFERENCES `profiles` (`user_id`),
  CONSTRAINT `comments_ibfk_2` FOREIGN KEY (`post_id`) REFERENCES `posts` (`id`)
) ENGINE=InnoDB DEFAULT CHARSET=utf8;
/*!40101 SET character_set_client = @saved_cs_client */;

--
-- Dumping data for table `comments`
--

LOCK TABLES `comments` WRITE;
/*!40000 ALTER TABLE `comments` DISABLE KEYS */;
/*!40000 ALTER TABLE `comments` ENABLE KEYS */;
UNLOCK TABLES;

--
-- Table structure for table `communities`
--

DROP TABLE IF EXISTS `communities`;
/*!40101 SET @saved_cs_client     = @@character_set_client */;
/*!40101 SET character_set_client = utf8 */;
CREATE TABLE `communities` (
  `id` bigint(20) unsigned NOT NULL AUTO_INCREMENT,
  `name` varchar(255) DEFAULT NULL,
  PRIMARY KEY (`id`),
  KEY `name` (`name`)
) ENGINE=InnoDB DEFAULT CHARSET=utf8;
/*!40101 SET character_set_client = @saved_cs_client */;

--
-- Dumping data for table `communities`
--

LOCK TABLES `communities` WRITE;
/*!40000 ALTER TABLE `communities` DISABLE KEYS */;
/*!40000 ALTER TABLE `communities` ENABLE KEYS */;
UNLOCK TABLES;

--
-- Table structure for table `friend_requests`
--

DROP TABLE IF EXISTS `friend_requests`;
/*!40101 SET @saved_cs_client     = @@character_set_client */;
/*!40101 SET character_set_client = utf8 */;
CREATE TABLE `friend_requests` (
  `initiator_user_id` bigint(20) unsigned NOT NULL,
  `target_user_id` bigint(20) unsigned NOT NULL,
  `status` enum('requested','approved','unfriended','decline') DEFAULT 'requested',
  `requested_at` datetime DEFAULT current_timestamp(),
  `updated_at` datetime DEFAULT NULL,
  PRIMARY KEY (`initiator_user_id`,`target_user_id`),
  KEY `friend_requests_iui_idx` (`initiator_user_id`),
  KEY `target_user_id` (`target_user_id`),
  CONSTRAINT `friend_requests_fk1` FOREIGN KEY (`initiator_user_id`) REFERENCES `profiles` (`user_id`),
  CONSTRAINT `friend_requests_ibfk_1` FOREIGN KEY (`target_user_id`) REFERENCES `profiles` (`user_id`)
) ENGINE=InnoDB DEFAULT CHARSET=utf8;
/*!40101 SET character_set_client = @saved_cs_client */;

--
-- Dumping data for table `friend_requests`
--

LOCK TABLES `friend_requests` WRITE;
/*!40000 ALTER TABLE `friend_requests` DISABLE KEYS */;
/*!40000 ALTER TABLE `friend_requests` ENABLE KEYS */;
UNLOCK TABLES;

--
-- Table structure for table `messages`
--

DROP TABLE IF EXISTS `messages`;
/*!40101 SET @saved_cs_client     = @@character_set_client */;
/*!40101 SET character_set_client = utf8 */;
CREATE TABLE `messages` (
  `id` bigint(20) unsigned NOT NULL AUTO_INCREMENT,
  `from_user_id` bigint(20) unsigned NOT NULL,
  `to_user_id` bigint(20) unsigned NOT NULL,
  `body` text DEFAULT NULL,
  `is_read` tinyint(1) DEFAULT NULL,
  `created_at` datetime DEFAULT current_timestamp(),
  PRIMARY KEY (`id`),
  UNIQUE KEY `id` (`id`),
  KEY `from_user_id` (`from_user_id`),
  KEY `to_user_id` (`to_user_id`),
  CONSTRAINT `messages_ibfk_1` FOREIGN KEY (`from_user_id`) REFERENCES `profiles` (`user_id`),
  CONSTRAINT `messages_ibfk_2` FOREIGN KEY (`to_user_id`) REFERENCES `profiles` (`user_id`)
) ENGINE=InnoDB DEFAULT CHARSET=utf8;
/*!40101 SET character_set_client = @saved_cs_client */;

--
-- Dumping data for table `messages`
--

LOCK TABLES `messages` WRITE;
/*!40000 ALTER TABLE `messages` DISABLE KEYS */;
/*!40000 ALTER TABLE `messages` ENABLE KEYS */;
UNLOCK TABLES;

--
-- Table structure for table `photos`
--

DROP TABLE IF EXISTS `photos`;
/*!40101 SET @saved_cs_client     = @@character_set_client */;
/*!40101 SET character_set_client = utf8 */;
CREATE TABLE `photos` (
  `id` bigint(20) unsigned NOT NULL AUTO_INCREMENT,
  `file` varchar(255) DEFAULT NULL,
  `user_id` bigint(20) unsigned NOT NULL,
  `description` text DEFAULT NULL,
  `created_at` datetime DEFAULT current_timestamp(),
  `updated_at` datetime DEFAULT current_timestamp() ON UPDATE current_timestamp(),
  PRIMARY KEY (`id`),
  KEY `user_id` (`user_id`),
  CONSTRAINT `photos_ibfk_1` FOREIGN KEY (`user_id`) REFERENCES `profiles` (`user_id`)
) ENGINE=InnoDB DEFAULT CHARSET=utf8;
/*!40101 SET character_set_client = @saved_cs_client */;

--
-- Dumping data for table `photos`
--

LOCK TABLES `photos` WRITE;
/*!40000 ALTER TABLE `photos` DISABLE KEYS */;
/*!40000 ALTER TABLE `photos` ENABLE KEYS */;
UNLOCK TABLES;

--
-- Table structure for table `post_likes`
--

DROP TABLE IF EXISTS `post_likes`;
/*!40101 SET @saved_cs_client     = @@character_set_client */;
/*!40101 SET character_set_client = utf8 */;
CREATE TABLE `post_likes` (
  `post_id` bigint(20) unsigned NOT NULL,
  `user_id` bigint(20) unsigned NOT NULL,
  PRIMARY KEY (`post_id`,`user_id`),
  KEY `user_id` (`user_id`),
  CONSTRAINT `post_likes_ibfk_1` FOREIGN KEY (`post_id`) REFERENCES `posts` (`id`),
  CONSTRAINT `post_likes_ibfk_2` FOREIGN KEY (`user_id`) REFERENCES `profiles` (`user_id`)
) ENGINE=InnoDB DEFAULT CHARSET=utf8;
/*!40101 SET character_set_client = @saved_cs_client */;

--
-- Dumping data for table `post_likes`
--

LOCK TABLES `post_likes` WRITE;
/*!40000 ALTER TABLE `post_likes` DISABLE KEYS */;
/*!40000 ALTER TABLE `post_likes` ENABLE KEYS */;
UNLOCK TABLES;

--
-- Table structure for table `posts`
--

DROP TABLE IF EXISTS `posts`;
/*!40101 SET @saved_cs_client     = @@character_set_client */;
/*!40101 SET character_set_client = utf8 */;
CREATE TABLE `posts` (
  `id` bigint(20) unsigned NOT NULL AUTO_INCREMENT,
  `user_id` bigint(20) unsigned NOT NULL,
  `body` text DEFAULT NULL,
  `attachments` longtext CHARACTER SET utf8mb4 COLLATE utf8mb4_bin DEFAULT NULL CHECK (json_valid(`attachments`)),
  `metadata` longtext CHARACTER SET utf8mb4 COLLATE utf8mb4_bin DEFAULT NULL CHECK (json_valid(`metadata`)),
  `created_at` datetime DEFAULT current_timestamp(),
  `updated_at` datetime DEFAULT current_timestamp() ON UPDATE current_timestamp(),
  PRIMARY KEY (`id`),
  KEY `user_id` (`user_id`),
  CONSTRAINT `posts_ibfk_1` FOREIGN KEY (`user_id`) REFERENCES `profiles` (`user_id`)
) ENGINE=InnoDB AUTO_INCREMENT=201 DEFAULT CHARSET=utf8;
/*!40101 SET character_set_client = @saved_cs_client */;

--
-- Dumping data for table `posts`
--

LOCK TABLES `posts` WRITE;
/*!40000 ALTER TABLE `posts` DISABLE KEYS */;
INSERT INTO `posts` VALUES (1,161,'Pellentesque at nulla. Suspendisse potenti. Cras in purus eu magna vulputate luctus.','[{}]','[{},{},{},{},{}]','2020-08-17 00:05:30','2020-08-17 00:05:30'),(2,119,'Cras non velit nec nisi vulputate nonummy. Maecenas tincidunt lacus at velit. Vivamus vel nulla eget eros elementum pellentesque.','[{},{},{}]','[{}]','2020-08-17 00:05:30','2020-08-17 00:05:30'),(3,112,'Cum sociis natoque penatibus et magnis dis parturient montes, nascetur ridiculus mus. Vivamus vestibulum sagittis sapien. Cum sociis natoque penatibus et magnis dis parturient montes, nascetur ridiculus mus.','[{},{},{}]','[{},{},{},{},{}]','2020-08-17 00:05:30','2020-08-17 00:05:30'),(4,3,'Proin interdum mauris non ligula pellentesque ultrices. Phasellus id sapien in sapien iaculis congue. Vivamus metus arcu, adipiscing molestie, hendrerit at, vulputate vitae, nisl.','[{}]','[{},{},{},{}]','2020-08-17 00:05:30','2020-08-17 00:05:30'),(5,78,'Sed ante. Vivamus tortor. Duis mattis egestas metus.','[{}]','[{}]','2020-08-17 00:05:30','2020-08-17 00:05:30'),(6,182,'Sed sagittis. Nam congue, risus semper porta volutpat, quam pede lobortis ligula, sit amet eleifend pede libero quis orci. Nullam molestie nibh in lectus.\n\nPellentesque at nulla. Suspendisse potenti. Cras in purus eu magna vulputate luctus.\n\nCum sociis natoque penatibus et magnis dis parturient montes, nascetur ridiculus mus. Vivamus vestibulum sagittis sapien. Cum sociis natoque penatibus et magnis dis parturient montes, nascetur ridiculus mus.','[{},{}]','[{},{}]','2020-08-17 00:05:30','2020-08-17 00:05:30'),(7,73,'Aenean lectus. Pellentesque eget nunc. Donec quis orci eget orci vehicula condimentum.','[{},{}]','[{},{},{},{},{}]','2020-08-17 00:05:30','2020-08-17 00:05:30'),(8,18,'Duis bibendum. Morbi non quam nec dui luctus rutrum. Nulla tellus.\n\nIn sagittis dui vel nisl. Duis ac nibh. Fusce lacus purus, aliquet at, feugiat non, pretium quis, lectus.','[{}]','[{}]','2020-08-17 00:05:30','2020-08-17 00:05:30'),(9,73,'Aliquam quis turpis eget elit sodales scelerisque. Mauris sit amet eros. Suspendisse accumsan tortor quis turpis.','[{},{}]','[{},{},{},{}]','2020-08-17 00:05:30','2020-08-17 00:05:30'),(10,107,'In quis justo. Maecenas rhoncus aliquam lacus. Morbi quis tortor id nulla ultrices aliquet.','[{}]','[{},{},{}]','2020-08-17 00:05:30','2020-08-17 00:05:30'),(11,119,'Duis bibendum. Morbi non quam nec dui luctus rutrum. Nulla tellus.\n\nIn sagittis dui vel nisl. Duis ac nibh. Fusce lacus purus, aliquet at, feugiat non, pretium quis, lectus.\n\nSuspendisse potenti. In eleifend quam a odio. In hac habitasse platea dictumst.','[{}]','[{},{},{}]','2020-08-17 00:05:30','2020-08-17 00:05:30'),(12,72,'Praesent id massa id nisl venenatis lacinia. Aenean sit amet justo. Morbi ut odio.','[{},{},{},{},{}]','[{},{},{},{},{}]','2020-08-17 00:05:30','2020-08-17 00:05:30'),(13,4,'Cras mi pede, malesuada in, imperdiet et, commodo vulputate, justo. In blandit ultrices enim. Lorem ipsum dolor sit amet, consectetuer adipiscing elit.\n\nProin interdum mauris non ligula pellentesque ultrices. Phasellus id sapien in sapien iaculis congue. Vivamus metus arcu, adipiscing molestie, hendrerit at, vulputate vitae, nisl.\n\nAenean lectus. Pellentesque eget nunc. Donec quis orci eget orci vehicula condimentum.','[{},{},{},{}]','[{},{},{}]','2020-08-17 00:05:30','2020-08-17 00:05:30'),(14,2,'Maecenas leo odio, condimentum id, luctus nec, molestie sed, justo. Pellentesque viverra pede ac diam. Cras pellentesque volutpat dui.\n\nMaecenas tristique, est et tempus semper, est quam pharetra magna, ac consequat metus sapien ut nunc. Vestibulum ante ipsum primis in faucibus orci luctus et ultrices posuere cubilia Curae; Mauris viverra diam vitae quam. Suspendisse potenti.','[{}]','[{},{},{},{}]','2020-08-17 00:05:31','2020-08-17 00:05:31'),(15,197,'Fusce consequat. Nulla nisl. Nunc nisl.\n\nDuis bibendum, felis sed interdum venenatis, turpis enim blandit mi, in porttitor pede justo eu massa. Donec dapibus. Duis at velit eu est congue elementum.\n\nIn hac habitasse platea dictumst. Morbi vestibulum, velit id pretium iaculis, diam erat fermentum justo, nec condimentum neque sapien placerat ante. Nulla justo.','[{},{}]','[{},{},{}]','2020-08-17 00:05:31','2020-08-17 00:05:31'),(16,180,'Phasellus in felis. Donec semper sapien a libero. Nam dui.\n\nProin leo odio, porttitor id, consequat in, consequat ut, nulla. Sed accumsan felis. Ut at dolor quis odio consequat varius.','[{}]','[{}]','2020-08-17 00:05:31','2020-08-17 00:05:31'),(17,109,'Praesent blandit. Nam nulla. Integer pede justo, lacinia eget, tincidunt eget, tempus vel, pede.\n\nMorbi porttitor lorem id ligula. Suspendisse ornare consequat lectus. In est risus, auctor sed, tristique in, tempus sit amet, sem.','[{},{},{}]','[{},{},{}]','2020-08-17 00:05:31','2020-08-17 00:05:31'),(18,2,'Quisque porta volutpat erat. Quisque erat eros, viverra eget, congue eget, semper rutrum, nulla. Nunc purus.','[{},{},{},{},{}]','[{},{},{},{},{}]','2020-08-17 00:05:31','2020-08-17 00:05:31'),(19,85,'Proin interdum mauris non ligula pellentesque ultrices. Phasellus id sapien in sapien iaculis congue. Vivamus metus arcu, adipiscing molestie, hendrerit at, vulputate vitae, nisl.','[{},{}]','[{}]','2020-08-17 00:05:31','2020-08-17 00:05:31'),(20,16,'Phasellus in felis. Donec semper sapien a libero. Nam dui.','[{},{},{},{}]','[{},{}]','2020-08-17 00:05:31','2020-08-17 00:05:31'),(21,26,'Donec diam neque, vestibulum eget, vulputate ut, ultrices vel, augue. Vestibulum ante ipsum primis in faucibus orci luctus et ultrices posuere cubilia Curae; Donec pharetra, magna vestibulum aliquet ultrices, erat tortor sollicitudin mi, sit amet lobortis sapien sapien non mi. Integer ac neque.','[{},{},{},{},{}]','[{},{},{},{},{}]','2020-08-17 00:05:31','2020-08-17 00:05:31'),(22,82,'Cum sociis natoque penatibus et magnis dis parturient montes, nascetur ridiculus mus. Vivamus vestibulum sagittis sapien. Cum sociis natoque penatibus et magnis dis parturient montes, nascetur ridiculus mus.\n\nEtiam vel augue. Vestibulum rutrum rutrum neque. Aenean auctor gravida sem.\n\nPraesent id massa id nisl venenatis lacinia. Aenean sit amet justo. Morbi ut odio.','[{},{},{}]','[{},{},{},{}]','2020-08-17 00:05:31','2020-08-17 00:05:31'),(23,133,'Quisque id justo sit amet sapien dignissim vestibulum. Vestibulum ante ipsum primis in faucibus orci luctus et ultrices posuere cubilia Curae; Nulla dapibus dolor vel est. Donec odio justo, sollicitudin ut, suscipit a, feugiat et, eros.','[{}]','[{},{},{},{},{}]','2020-08-17 00:05:31','2020-08-17 00:05:31'),(24,17,'Curabitur in libero ut massa volutpat convallis. Morbi odio odio, elementum eu, interdum eu, tincidunt in, leo. Maecenas pulvinar lobortis est.\n\nPhasellus sit amet erat. Nulla tempus. Vivamus in felis eu sapien cursus vestibulum.','[{},{},{}]','[{},{},{},{}]','2020-08-17 00:05:31','2020-08-17 00:05:31'),(25,86,'Nulla ut erat id mauris vulputate elementum. Nullam varius. Nulla facilisi.\n\nCras non velit nec nisi vulputate nonummy. Maecenas tincidunt lacus at velit. Vivamus vel nulla eget eros elementum pellentesque.\n\nQuisque porta volutpat erat. Quisque erat eros, viverra eget, congue eget, semper rutrum, nulla. Nunc purus.','[{},{},{},{}]','[{}]','2020-08-17 00:05:31','2020-08-17 00:05:31'),(26,178,'Praesent blandit. Nam nulla. Integer pede justo, lacinia eget, tincidunt eget, tempus vel, pede.','[{},{}]','[{},{},{}]','2020-08-17 00:05:31','2020-08-17 00:05:31'),(27,32,'Cum sociis natoque penatibus et magnis dis parturient montes, nascetur ridiculus mus. Vivamus vestibulum sagittis sapien. Cum sociis natoque penatibus et magnis dis parturient montes, nascetur ridiculus mus.\n\nEtiam vel augue. Vestibulum rutrum rutrum neque. Aenean auctor gravida sem.\n\nPraesent id massa id nisl venenatis lacinia. Aenean sit amet justo. Morbi ut odio.','[{}]','[{},{},{}]','2020-08-17 00:05:31','2020-08-17 00:05:31'),(28,27,'Vestibulum quam sapien, varius ut, blandit non, interdum in, ante. Vestibulum ante ipsum primis in faucibus orci luctus et ultrices posuere cubilia Curae; Duis faucibus accumsan odio. Curabitur convallis.\n\nDuis consequat dui nec nisi volutpat eleifend. Donec ut dolor. Morbi vel lectus in quam fringilla rhoncus.','[{},{}]','[{},{},{},{},{}]','2020-08-17 00:05:31','2020-08-17 00:05:31'),(29,36,'Integer ac leo. Pellentesque ultrices mattis odio. Donec vitae nisi.\n\nNam ultrices, libero non mattis pulvinar, nulla pede ullamcorper augue, a suscipit nulla elit ac nulla. Sed vel enim sit amet nunc viverra dapibus. Nulla suscipit ligula in lacus.','[{},{},{},{}]','[{},{},{},{}]','2020-08-17 00:05:31','2020-08-17 00:05:31'),(30,98,'Vestibulum quam sapien, varius ut, blandit non, interdum in, ante. Vestibulum ante ipsum primis in faucibus orci luctus et ultrices posuere cubilia Curae; Duis faucibus accumsan odio. Curabitur convallis.\n\nDuis consequat dui nec nisi volutpat eleifend. Donec ut dolor. Morbi vel lectus in quam fringilla rhoncus.\n\nMauris enim leo, rhoncus sed, vestibulum sit amet, cursus id, turpis. Integer aliquet, massa id lobortis convallis, tortor risus dapibus augue, vel accumsan tellus nisi eu orci. Mauris lacinia sapien quis libero.','[{}]','[{}]','2020-08-17 00:05:31','2020-08-17 00:05:31'),(31,184,'Aenean lectus. Pellentesque eget nunc. Donec quis orci eget orci vehicula condimentum.\n\nCurabitur in libero ut massa volutpat convallis. Morbi odio odio, elementum eu, interdum eu, tincidunt in, leo. Maecenas pulvinar lobortis est.\n\nPhasellus sit amet erat. Nulla tempus. Vivamus in felis eu sapien cursus vestibulum.','[{}]','[{},{}]','2020-08-17 00:05:31','2020-08-17 00:05:31'),(32,22,'Praesent id massa id nisl venenatis lacinia. Aenean sit amet justo. Morbi ut odio.\n\nCras mi pede, malesuada in, imperdiet et, commodo vulputate, justo. In blandit ultrices enim. Lorem ipsum dolor sit amet, consectetuer adipiscing elit.\n\nProin interdum mauris non ligula pellentesque ultrices. Phasellus id sapien in sapien iaculis congue. Vivamus metus arcu, adipiscing molestie, hendrerit at, vulputate vitae, nisl.','[{},{}]','[{},{}]','2020-08-17 00:05:31','2020-08-17 00:05:31'),(33,161,'In hac habitasse platea dictumst. Etiam faucibus cursus urna. Ut tellus.\n\nNulla ut erat id mauris vulputate elementum. Nullam varius. Nulla facilisi.\n\nCras non velit nec nisi vulputate nonummy. Maecenas tincidunt lacus at velit. Vivamus vel nulla eget eros elementum pellentesque.','[{},{},{},{},{}]','[{},{},{},{}]','2020-08-17 00:05:31','2020-08-17 00:05:31'),(34,138,'Duis consequat dui nec nisi volutpat eleifend. Donec ut dolor. Morbi vel lectus in quam fringilla rhoncus.\n\nMauris enim leo, rhoncus sed, vestibulum sit amet, cursus id, turpis. Integer aliquet, massa id lobortis convallis, tortor risus dapibus augue, vel accumsan tellus nisi eu orci. Mauris lacinia sapien quis libero.','[{},{},{}]','[{},{}]','2020-08-17 00:05:31','2020-08-17 00:05:31'),(35,7,'Etiam vel augue. Vestibulum rutrum rutrum neque. Aenean auctor gravida sem.\n\nPraesent id massa id nisl venenatis lacinia. Aenean sit amet justo. Morbi ut odio.','[{}]','[{},{}]','2020-08-17 00:05:31','2020-08-17 00:05:31'),(36,18,'Duis bibendum. Morbi non quam nec dui luctus rutrum. Nulla tellus.\n\nIn sagittis dui vel nisl. Duis ac nibh. Fusce lacus purus, aliquet at, feugiat non, pretium quis, lectus.','[{},{},{},{}]','[{},{}]','2020-08-17 00:05:31','2020-08-17 00:05:31'),(37,72,'Sed ante. Vivamus tortor. Duis mattis egestas metus.\n\nAenean fermentum. Donec ut mauris eget massa tempor convallis. Nulla neque libero, convallis eget, eleifend luctus, ultricies eu, nibh.\n\nQuisque id justo sit amet sapien dignissim vestibulum. Vestibulum ante ipsum primis in faucibus orci luctus et ultrices posuere cubilia Curae; Nulla dapibus dolor vel est. Donec odio justo, sollicitudin ut, suscipit a, feugiat et, eros.','[{},{},{},{}]','[{}]','2020-08-17 00:05:31','2020-08-17 00:05:31'),(38,103,'Maecenas ut massa quis augue luctus tincidunt. Nulla mollis molestie lorem. Quisque ut erat.\n\nCurabitur gravida nisi at nibh. In hac habitasse platea dictumst. Aliquam augue quam, sollicitudin vitae, consectetuer eget, rutrum at, lorem.','[{},{},{},{}]','[{},{},{},{},{}]','2020-08-17 00:05:31','2020-08-17 00:05:31'),(39,97,'Proin leo odio, porttitor id, consequat in, consequat ut, nulla. Sed accumsan felis. Ut at dolor quis odio consequat varius.\n\nInteger ac leo. Pellentesque ultrices mattis odio. Donec vitae nisi.','[{},{},{}]','[{},{},{}]','2020-08-17 00:05:31','2020-08-17 00:05:31'),(40,178,'Maecenas ut massa quis augue luctus tincidunt. Nulla mollis molestie lorem. Quisque ut erat.','[{}]','[{},{},{},{}]','2020-08-17 00:05:31','2020-08-17 00:05:31'),(41,197,'Lorem ipsum dolor sit amet, consectetuer adipiscing elit. Proin risus. Praesent lectus.\n\nVestibulum quam sapien, varius ut, blandit non, interdum in, ante. Vestibulum ante ipsum primis in faucibus orci luctus et ultrices posuere cubilia Curae; Duis faucibus accumsan odio. Curabitur convallis.\n\nDuis consequat dui nec nisi volutpat eleifend. Donec ut dolor. Morbi vel lectus in quam fringilla rhoncus.','[{},{},{}]','[{},{},{},{}]','2020-08-17 00:05:31','2020-08-17 00:05:31'),(42,51,'Duis aliquam convallis nunc. Proin at turpis a pede posuere nonummy. Integer non velit.\n\nDonec diam neque, vestibulum eget, vulputate ut, ultrices vel, augue. Vestibulum ante ipsum primis in faucibus orci luctus et ultrices posuere cubilia Curae; Donec pharetra, magna vestibulum aliquet ultrices, erat tortor sollicitudin mi, sit amet lobortis sapien sapien non mi. Integer ac neque.','[{},{},{}]','[{}]','2020-08-17 00:05:31','2020-08-17 00:05:31'),(43,62,'Morbi porttitor lorem id ligula. Suspendisse ornare consequat lectus. In est risus, auctor sed, tristique in, tempus sit amet, sem.','[{},{}]','[{}]','2020-08-17 00:05:31','2020-08-17 00:05:31'),(44,158,'Vestibulum quam sapien, varius ut, blandit non, interdum in, ante. Vestibulum ante ipsum primis in faucibus orci luctus et ultrices posuere cubilia Curae; Duis faucibus accumsan odio. Curabitur convallis.\n\nDuis consequat dui nec nisi volutpat eleifend. Donec ut dolor. Morbi vel lectus in quam fringilla rhoncus.','[{}]','[{}]','2020-08-17 00:05:31','2020-08-17 00:05:31'),(45,3,'Sed ante. Vivamus tortor. Duis mattis egestas metus.\n\nAenean fermentum. Donec ut mauris eget massa tempor convallis. Nulla neque libero, convallis eget, eleifend luctus, ultricies eu, nibh.','[{},{},{},{},{}]','[{},{},{}]','2020-08-17 00:05:31','2020-08-17 00:05:31'),(46,142,'Morbi non lectus. Aliquam sit amet diam in magna bibendum imperdiet. Nullam orci pede, venenatis non, sodales sed, tincidunt eu, felis.','[{}]','[{},{}]','2020-08-17 00:05:31','2020-08-17 00:05:31'),(47,102,'Duis bibendum. Morbi non quam nec dui luctus rutrum. Nulla tellus.\n\nIn sagittis dui vel nisl. Duis ac nibh. Fusce lacus purus, aliquet at, feugiat non, pretium quis, lectus.','[{},{},{},{},{}]','[{},{}]','2020-08-17 00:05:31','2020-08-17 00:05:31'),(48,80,'Duis bibendum. Morbi non quam nec dui luctus rutrum. Nulla tellus.\n\nIn sagittis dui vel nisl. Duis ac nibh. Fusce lacus purus, aliquet at, feugiat non, pretium quis, lectus.','[{},{},{},{},{}]','[{}]','2020-08-17 00:05:31','2020-08-17 00:05:31'),(49,95,'Praesent blandit. Nam nulla. Integer pede justo, lacinia eget, tincidunt eget, tempus vel, pede.','[{},{}]','[{},{},{}]','2020-08-17 00:05:31','2020-08-17 00:05:31'),(50,35,'Vestibulum quam sapien, varius ut, blandit non, interdum in, ante. Vestibulum ante ipsum primis in faucibus orci luctus et ultrices posuere cubilia Curae; Duis faucibus accumsan odio. Curabitur convallis.\n\nDuis consequat dui nec nisi volutpat eleifend. Donec ut dolor. Morbi vel lectus in quam fringilla rhoncus.','[{},{},{},{}]','[{},{},{}]','2020-08-17 00:05:31','2020-08-17 00:05:31'),(51,90,'Vestibulum quam sapien, varius ut, blandit non, interdum in, ante. Vestibulum ante ipsum primis in faucibus orci luctus et ultrices posuere cubilia Curae; Duis faucibus accumsan odio. Curabitur convallis.\n\nDuis consequat dui nec nisi volutpat eleifend. Donec ut dolor. Morbi vel lectus in quam fringilla rhoncus.\n\nMauris enim leo, rhoncus sed, vestibulum sit amet, cursus id, turpis. Integer aliquet, massa id lobortis convallis, tortor risus dapibus augue, vel accumsan tellus nisi eu orci. Mauris lacinia sapien quis libero.','[{},{},{},{},{}]','[{},{}]','2020-08-17 00:05:31','2020-08-17 00:05:31'),(52,142,'Cras mi pede, malesuada in, imperdiet et, commodo vulputate, justo. In blandit ultrices enim. Lorem ipsum dolor sit amet, consectetuer adipiscing elit.\n\nProin interdum mauris non ligula pellentesque ultrices. Phasellus id sapien in sapien iaculis congue. Vivamus metus arcu, adipiscing molestie, hendrerit at, vulputate vitae, nisl.','[{},{},{}]','[{},{},{}]','2020-08-17 00:05:31','2020-08-17 00:05:31'),(53,43,'Phasellus sit amet erat. Nulla tempus. Vivamus in felis eu sapien cursus vestibulum.\n\nProin eu mi. Nulla ac enim. In tempor, turpis nec euismod scelerisque, quam turpis adipiscing lorem, vitae mattis nibh ligula nec sem.','[{},{}]','[{},{}]','2020-08-17 00:05:31','2020-08-17 00:05:31'),(54,185,'Curabitur gravida nisi at nibh. In hac habitasse platea dictumst. Aliquam augue quam, sollicitudin vitae, consectetuer eget, rutrum at, lorem.','[{},{},{},{},{}]','[{}]','2020-08-17 00:05:31','2020-08-17 00:05:31'),(55,198,'Nam ultrices, libero non mattis pulvinar, nulla pede ullamcorper augue, a suscipit nulla elit ac nulla. Sed vel enim sit amet nunc viverra dapibus. Nulla suscipit ligula in lacus.\n\nCurabitur at ipsum ac tellus semper interdum. Mauris ullamcorper purus sit amet nulla. Quisque arcu libero, rutrum ac, lobortis vel, dapibus at, diam.','[{},{}]','[{},{},{}]','2020-08-17 00:05:31','2020-08-17 00:05:31'),(56,35,'Duis bibendum, felis sed interdum venenatis, turpis enim blandit mi, in porttitor pede justo eu massa. Donec dapibus. Duis at velit eu est congue elementum.','[{},{}]','[{}]','2020-08-17 00:05:31','2020-08-17 00:05:31'),(57,180,'Duis consequat dui nec nisi volutpat eleifend. Donec ut dolor. Morbi vel lectus in quam fringilla rhoncus.','[{},{}]','[{},{},{}]','2020-08-17 00:05:31','2020-08-17 00:05:31'),(58,192,'Integer tincidunt ante vel ipsum. Praesent blandit lacinia erat. Vestibulum sed magna at nunc commodo placerat.','[{},{},{},{},{}]','[{},{},{},{},{}]','2020-08-17 00:05:31','2020-08-17 00:05:31'),(59,22,'Curabitur in libero ut massa volutpat convallis. Morbi odio odio, elementum eu, interdum eu, tincidunt in, leo. Maecenas pulvinar lobortis est.\n\nPhasellus sit amet erat. Nulla tempus. Vivamus in felis eu sapien cursus vestibulum.\n\nProin eu mi. Nulla ac enim. In tempor, turpis nec euismod scelerisque, quam turpis adipiscing lorem, vitae mattis nibh ligula nec sem.','[{},{},{},{},{}]','[{},{}]','2020-08-17 00:05:31','2020-08-17 00:05:31'),(60,134,'In hac habitasse platea dictumst. Etiam faucibus cursus urna. Ut tellus.\n\nNulla ut erat id mauris vulputate elementum. Nullam varius. Nulla facilisi.\n\nCras non velit nec nisi vulputate nonummy. Maecenas tincidunt lacus at velit. Vivamus vel nulla eget eros elementum pellentesque.','[{},{}]','[{},{},{},{},{}]','2020-08-17 00:05:31','2020-08-17 00:05:31'),(61,2,'Etiam vel augue. Vestibulum rutrum rutrum neque. Aenean auctor gravida sem.\n\nPraesent id massa id nisl venenatis lacinia. Aenean sit amet justo. Morbi ut odio.','[{},{},{},{}]','[{},{},{}]','2020-08-17 00:05:31','2020-08-17 00:05:31'),(62,10,'Duis bibendum. Morbi non quam nec dui luctus rutrum. Nulla tellus.','[{},{},{}]','[{},{},{}]','2020-08-17 00:05:31','2020-08-17 00:05:31'),(63,40,'Vestibulum ac est lacinia nisi venenatis tristique. Fusce congue, diam id ornare imperdiet, sapien urna pretium nisl, ut volutpat sapien arcu sed augue. Aliquam erat volutpat.\n\nIn congue. Etiam justo. Etiam pretium iaculis justo.\n\nIn hac habitasse platea dictumst. Etiam faucibus cursus urna. Ut tellus.','[{}]','[{},{}]','2020-08-17 00:05:31','2020-08-17 00:05:31'),(64,171,'Aliquam quis turpis eget elit sodales scelerisque. Mauris sit amet eros. Suspendisse accumsan tortor quis turpis.\n\nSed ante. Vivamus tortor. Duis mattis egestas metus.','[{},{},{}]','[{},{},{},{},{}]','2020-08-17 00:05:31','2020-08-17 00:05:31'),(65,136,'Quisque porta volutpat erat. Quisque erat eros, viverra eget, congue eget, semper rutrum, nulla. Nunc purus.\n\nPhasellus in felis. Donec semper sapien a libero. Nam dui.','[{},{},{},{},{}]','[{},{},{},{},{}]','2020-08-17 00:05:31','2020-08-17 00:05:31'),(66,165,'Quisque porta volutpat erat. Quisque erat eros, viverra eget, congue eget, semper rutrum, nulla. Nunc purus.\n\nPhasellus in felis. Donec semper sapien a libero. Nam dui.\n\nProin leo odio, porttitor id, consequat in, consequat ut, nulla. Sed accumsan felis. Ut at dolor quis odio consequat varius.','[{},{},{},{}]','[{},{}]','2020-08-17 00:05:31','2020-08-17 00:05:31'),(67,15,'Maecenas ut massa quis augue luctus tincidunt. Nulla mollis molestie lorem. Quisque ut erat.\n\nCurabitur gravida nisi at nibh. In hac habitasse platea dictumst. Aliquam augue quam, sollicitudin vitae, consectetuer eget, rutrum at, lorem.\n\nInteger tincidunt ante vel ipsum. Praesent blandit lacinia erat. Vestibulum sed magna at nunc commodo placerat.','[{},{},{}]','[{},{},{},{},{}]','2020-08-17 00:05:31','2020-08-17 00:05:31'),(68,182,'In hac habitasse platea dictumst. Morbi vestibulum, velit id pretium iaculis, diam erat fermentum justo, nec condimentum neque sapien placerat ante. Nulla justo.\n\nAliquam quis turpis eget elit sodales scelerisque. Mauris sit amet eros. Suspendisse accumsan tortor quis turpis.\n\nSed ante. Vivamus tortor. Duis mattis egestas metus.','[{},{}]','[{},{},{},{}]','2020-08-17 00:05:31','2020-08-17 00:05:31'),(69,62,'Vestibulum ac est lacinia nisi venenatis tristique. Fusce congue, diam id ornare imperdiet, sapien urna pretium nisl, ut volutpat sapien arcu sed augue. Aliquam erat volutpat.','[{},{},{},{}]','[{},{}]','2020-08-17 00:05:31','2020-08-17 00:05:31'),(70,163,'Maecenas ut massa quis augue luctus tincidunt. Nulla mollis molestie lorem. Quisque ut erat.','[{},{},{}]','[{},{},{},{},{}]','2020-08-17 00:05:31','2020-08-17 00:05:31'),(71,30,'Nam ultrices, libero non mattis pulvinar, nulla pede ullamcorper augue, a suscipit nulla elit ac nulla. Sed vel enim sit amet nunc viverra dapibus. Nulla suscipit ligula in lacus.','[{}]','[{},{}]','2020-08-17 00:05:31','2020-08-17 00:05:31'),(72,61,'Nullam porttitor lacus at turpis. Donec posuere metus vitae ipsum. Aliquam non mauris.\n\nMorbi non lectus. Aliquam sit amet diam in magna bibendum imperdiet. Nullam orci pede, venenatis non, sodales sed, tincidunt eu, felis.\n\nFusce posuere felis sed lacus. Morbi sem mauris, laoreet ut, rhoncus aliquet, pulvinar sed, nisl. Nunc rhoncus dui vel sem.','[{}]','[{},{},{},{},{}]','2020-08-17 00:05:31','2020-08-17 00:05:31'),(73,13,'Quisque porta volutpat erat. Quisque erat eros, viverra eget, congue eget, semper rutrum, nulla. Nunc purus.\n\nPhasellus in felis. Donec semper sapien a libero. Nam dui.\n\nProin leo odio, porttitor id, consequat in, consequat ut, nulla. Sed accumsan felis. Ut at dolor quis odio consequat varius.','[{}]','[{}]','2020-08-17 00:05:31','2020-08-17 00:05:31'),(74,82,'Cras non velit nec nisi vulputate nonummy. Maecenas tincidunt lacus at velit. Vivamus vel nulla eget eros elementum pellentesque.\n\nQuisque porta volutpat erat. Quisque erat eros, viverra eget, congue eget, semper rutrum, nulla. Nunc purus.','[{}]','[{},{},{},{}]','2020-08-17 00:05:32','2020-08-17 00:05:32'),(75,170,'Morbi porttitor lorem id ligula. Suspendisse ornare consequat lectus. In est risus, auctor sed, tristique in, tempus sit amet, sem.','[{},{},{},{},{}]','[{},{},{},{}]','2020-08-17 00:05:32','2020-08-17 00:05:32'),(76,2,'Maecenas ut massa quis augue luctus tincidunt. Nulla mollis molestie lorem. Quisque ut erat.','[{},{},{}]','[{},{},{},{},{}]','2020-08-17 00:05:32','2020-08-17 00:05:32'),(77,102,'Fusce consequat. Nulla nisl. Nunc nisl.\n\nDuis bibendum, felis sed interdum venenatis, turpis enim blandit mi, in porttitor pede justo eu massa. Donec dapibus. Duis at velit eu est congue elementum.\n\nIn hac habitasse platea dictumst. Morbi vestibulum, velit id pretium iaculis, diam erat fermentum justo, nec condimentum neque sapien placerat ante. Nulla justo.','[{},{}]','[{},{},{},{},{}]','2020-08-17 00:05:32','2020-08-17 00:05:32'),(78,104,'Proin leo odio, porttitor id, consequat in, consequat ut, nulla. Sed accumsan felis. Ut at dolor quis odio consequat varius.\n\nInteger ac leo. Pellentesque ultrices mattis odio. Donec vitae nisi.\n\nNam ultrices, libero non mattis pulvinar, nulla pede ullamcorper augue, a suscipit nulla elit ac nulla. Sed vel enim sit amet nunc viverra dapibus. Nulla suscipit ligula in lacus.','[{}]','[{}]','2020-08-17 00:05:32','2020-08-17 00:05:32'),(79,12,'In quis justo. Maecenas rhoncus aliquam lacus. Morbi quis tortor id nulla ultrices aliquet.','[{},{},{}]','[{}]','2020-08-17 00:05:32','2020-08-17 00:05:32'),(80,147,'Nulla ut erat id mauris vulputate elementum. Nullam varius. Nulla facilisi.\n\nCras non velit nec nisi vulputate nonummy. Maecenas tincidunt lacus at velit. Vivamus vel nulla eget eros elementum pellentesque.\n\nQuisque porta volutpat erat. Quisque erat eros, viverra eget, congue eget, semper rutrum, nulla. Nunc purus.','[{},{},{},{}]','[{},{},{}]','2020-08-17 00:05:32','2020-08-17 00:05:32'),(81,101,'Mauris enim leo, rhoncus sed, vestibulum sit amet, cursus id, turpis. Integer aliquet, massa id lobortis convallis, tortor risus dapibus augue, vel accumsan tellus nisi eu orci. Mauris lacinia sapien quis libero.\n\nNullam sit amet turpis elementum ligula vehicula consequat. Morbi a ipsum. Integer a nibh.','[{},{}]','[{},{},{}]','2020-08-17 00:05:32','2020-08-17 00:05:32'),(82,60,'In quis justo. Maecenas rhoncus aliquam lacus. Morbi quis tortor id nulla ultrices aliquet.\n\nMaecenas leo odio, condimentum id, luctus nec, molestie sed, justo. Pellentesque viverra pede ac diam. Cras pellentesque volutpat dui.\n\nMaecenas tristique, est et tempus semper, est quam pharetra magna, ac consequat metus sapien ut nunc. Vestibulum ante ipsum primis in faucibus orci luctus et ultrices posuere cubilia Curae; Mauris viverra diam vitae quam. Suspendisse potenti.','[{}]','[{},{},{},{},{}]','2020-08-17 00:05:32','2020-08-17 00:05:32'),(83,200,'In sagittis dui vel nisl. Duis ac nibh. Fusce lacus purus, aliquet at, feugiat non, pretium quis, lectus.','[{},{},{},{},{}]','[{},{},{},{},{}]','2020-08-17 00:05:32','2020-08-17 00:05:32'),(84,19,'Mauris enim leo, rhoncus sed, vestibulum sit amet, cursus id, turpis. Integer aliquet, massa id lobortis convallis, tortor risus dapibus augue, vel accumsan tellus nisi eu orci. Mauris lacinia sapien quis libero.','[{},{}]','[{},{},{},{}]','2020-08-17 00:05:32','2020-08-17 00:05:32'),(85,93,'In congue. Etiam justo. Etiam pretium iaculis justo.\n\nIn hac habitasse platea dictumst. Etiam faucibus cursus urna. Ut tellus.','[{}]','[{},{},{},{},{}]','2020-08-17 00:05:32','2020-08-17 00:05:32'),(86,8,'Quisque porta volutpat erat. Quisque erat eros, viverra eget, congue eget, semper rutrum, nulla. Nunc purus.\n\nPhasellus in felis. Donec semper sapien a libero. Nam dui.','[{},{},{}]','[{}]','2020-08-17 00:05:32','2020-08-17 00:05:32'),(87,159,'In hac habitasse platea dictumst. Morbi vestibulum, velit id pretium iaculis, diam erat fermentum justo, nec condimentum neque sapien placerat ante. Nulla justo.\n\nAliquam quis turpis eget elit sodales scelerisque. Mauris sit amet eros. Suspendisse accumsan tortor quis turpis.\n\nSed ante. Vivamus tortor. Duis mattis egestas metus.','[{},{}]','[{},{},{},{},{}]','2020-08-17 00:05:32','2020-08-17 00:05:32'),(88,170,'Vestibulum quam sapien, varius ut, blandit non, interdum in, ante. Vestibulum ante ipsum primis in faucibus orci luctus et ultrices posuere cubilia Curae; Duis faucibus accumsan odio. Curabitur convallis.','[{},{}]','[{}]','2020-08-17 00:05:32','2020-08-17 00:05:32'),(89,175,'Nullam porttitor lacus at turpis. Donec posuere metus vitae ipsum. Aliquam non mauris.','[{},{},{}]','[{},{},{}]','2020-08-17 00:05:32','2020-08-17 00:05:32'),(90,164,'Vestibulum quam sapien, varius ut, blandit non, interdum in, ante. Vestibulum ante ipsum primis in faucibus orci luctus et ultrices posuere cubilia Curae; Duis faucibus accumsan odio. Curabitur convallis.\n\nDuis consequat dui nec nisi volutpat eleifend. Donec ut dolor. Morbi vel lectus in quam fringilla rhoncus.\n\nMauris enim leo, rhoncus sed, vestibulum sit amet, cursus id, turpis. Integer aliquet, massa id lobortis convallis, tortor risus dapibus augue, vel accumsan tellus nisi eu orci. Mauris lacinia sapien quis libero.','[{},{},{},{}]','[{},{},{}]','2020-08-17 00:05:32','2020-08-17 00:05:32'),(91,96,'Phasellus sit amet erat. Nulla tempus. Vivamus in felis eu sapien cursus vestibulum.\n\nProin eu mi. Nulla ac enim. In tempor, turpis nec euismod scelerisque, quam turpis adipiscing lorem, vitae mattis nibh ligula nec sem.','[{},{}]','[{},{}]','2020-08-17 00:05:32','2020-08-17 00:05:32'),(92,186,'Fusce consequat. Nulla nisl. Nunc nisl.\n\nDuis bibendum, felis sed interdum venenatis, turpis enim blandit mi, in porttitor pede justo eu massa. Donec dapibus. Duis at velit eu est congue elementum.','[{},{},{}]','[{}]','2020-08-17 00:05:32','2020-08-17 00:05:32'),(93,40,'Cum sociis natoque penatibus et magnis dis parturient montes, nascetur ridiculus mus. Vivamus vestibulum sagittis sapien. Cum sociis natoque penatibus et magnis dis parturient montes, nascetur ridiculus mus.\n\nEtiam vel augue. Vestibulum rutrum rutrum neque. Aenean auctor gravida sem.\n\nPraesent id massa id nisl venenatis lacinia. Aenean sit amet justo. Morbi ut odio.','[{},{},{}]','[{}]','2020-08-17 00:05:32','2020-08-17 00:05:32'),(94,42,'Morbi porttitor lorem id ligula. Suspendisse ornare consequat lectus. In est risus, auctor sed, tristique in, tempus sit amet, sem.\n\nFusce consequat. Nulla nisl. Nunc nisl.\n\nDuis bibendum, felis sed interdum venenatis, turpis enim blandit mi, in porttitor pede justo eu massa. Donec dapibus. Duis at velit eu est congue elementum.','[{},{},{},{}]','[{},{},{}]','2020-08-17 00:05:32','2020-08-17 00:05:32'),(95,88,'Duis consequat dui nec nisi volutpat eleifend. Donec ut dolor. Morbi vel lectus in quam fringilla rhoncus.\n\nMauris enim leo, rhoncus sed, vestibulum sit amet, cursus id, turpis. Integer aliquet, massa id lobortis convallis, tortor risus dapibus augue, vel accumsan tellus nisi eu orci. Mauris lacinia sapien quis libero.\n\nNullam sit amet turpis elementum ligula vehicula consequat. Morbi a ipsum. Integer a nibh.','[{}]','[{},{},{}]','2020-08-17 00:05:32','2020-08-17 00:05:32'),(96,115,'Mauris enim leo, rhoncus sed, vestibulum sit amet, cursus id, turpis. Integer aliquet, massa id lobortis convallis, tortor risus dapibus augue, vel accumsan tellus nisi eu orci. Mauris lacinia sapien quis libero.','[{},{},{},{},{}]','[{},{},{},{},{}]','2020-08-17 00:05:32','2020-08-17 00:05:32'),(97,111,'Donec diam neque, vestibulum eget, vulputate ut, ultrices vel, augue. Vestibulum ante ipsum primis in faucibus orci luctus et ultrices posuere cubilia Curae; Donec pharetra, magna vestibulum aliquet ultrices, erat tortor sollicitudin mi, sit amet lobortis sapien sapien non mi. Integer ac neque.\n\nDuis bibendum. Morbi non quam nec dui luctus rutrum. Nulla tellus.\n\nIn sagittis dui vel nisl. Duis ac nibh. Fusce lacus purus, aliquet at, feugiat non, pretium quis, lectus.','[{},{},{},{}]','[{},{},{}]','2020-08-17 00:05:32','2020-08-17 00:05:32'),(98,9,'Phasellus sit amet erat. Nulla tempus. Vivamus in felis eu sapien cursus vestibulum.\n\nProin eu mi. Nulla ac enim. In tempor, turpis nec euismod scelerisque, quam turpis adipiscing lorem, vitae mattis nibh ligula nec sem.','[{}]','[{}]','2020-08-17 00:05:32','2020-08-17 00:05:32'),(99,112,'Integer tincidunt ante vel ipsum. Praesent blandit lacinia erat. Vestibulum sed magna at nunc commodo placerat.','[{},{},{}]','[{},{}]','2020-08-17 00:05:32','2020-08-17 00:05:32'),(100,134,'Mauris enim leo, rhoncus sed, vestibulum sit amet, cursus id, turpis. Integer aliquet, massa id lobortis convallis, tortor risus dapibus augue, vel accumsan tellus nisi eu orci. Mauris lacinia sapien quis libero.','[{},{},{}]','[{},{},{},{}]','2020-08-17 00:05:32','2020-08-17 00:05:32'),(101,131,'Vestibulum quam sapien, varius ut, blandit non, interdum in, ante. Vestibulum ante ipsum primis in faucibus orci luctus et ultrices posuere cubilia Curae; Duis faucibus accumsan odio. Curabitur convallis.','[{},{}]','[{},{}]','2020-08-17 00:05:32','2020-08-17 00:05:32'),(102,54,'Vestibulum ac est lacinia nisi venenatis tristique. Fusce congue, diam id ornare imperdiet, sapien urna pretium nisl, ut volutpat sapien arcu sed augue. Aliquam erat volutpat.','[{},{},{}]','[{},{},{},{}]','2020-08-17 00:05:32','2020-08-17 00:05:32'),(103,75,'Integer tincidunt ante vel ipsum. Praesent blandit lacinia erat. Vestibulum sed magna at nunc commodo placerat.','[{},{},{},{}]','[{},{},{},{}]','2020-08-17 00:05:32','2020-08-17 00:05:32'),(104,13,'Integer ac leo. Pellentesque ultrices mattis odio. Donec vitae nisi.','[{},{},{},{},{}]','[{},{},{},{},{}]','2020-08-17 00:05:32','2020-08-17 00:05:32'),(105,41,'Duis bibendum. Morbi non quam nec dui luctus rutrum. Nulla tellus.\n\nIn sagittis dui vel nisl. Duis ac nibh. Fusce lacus purus, aliquet at, feugiat non, pretium quis, lectus.','[{},{},{},{},{}]','[{},{},{},{}]','2020-08-17 00:05:32','2020-08-17 00:05:32'),(106,164,'Integer ac leo. Pellentesque ultrices mattis odio. Donec vitae nisi.','[{},{},{},{}]','[{},{},{},{}]','2020-08-17 00:05:32','2020-08-17 00:05:32'),(107,99,'Nulla ut erat id mauris vulputate elementum. Nullam varius. Nulla facilisi.\n\nCras non velit nec nisi vulputate nonummy. Maecenas tincidunt lacus at velit. Vivamus vel nulla eget eros elementum pellentesque.','[{},{},{},{},{}]','[{},{}]','2020-08-17 00:05:32','2020-08-17 00:05:32'),(108,1,'Maecenas ut massa quis augue luctus tincidunt. Nulla mollis molestie lorem. Quisque ut erat.\n\nCurabitur gravida nisi at nibh. In hac habitasse platea dictumst. Aliquam augue quam, sollicitudin vitae, consectetuer eget, rutrum at, lorem.','[{},{}]','[{}]','2020-08-17 00:05:32','2020-08-17 00:05:32'),(109,108,'Fusce consequat. Nulla nisl. Nunc nisl.\n\nDuis bibendum, felis sed interdum venenatis, turpis enim blandit mi, in porttitor pede justo eu massa. Donec dapibus. Duis at velit eu est congue elementum.\n\nIn hac habitasse platea dictumst. Morbi vestibulum, velit id pretium iaculis, diam erat fermentum justo, nec condimentum neque sapien placerat ante. Nulla justo.','[{},{},{},{}]','[{},{},{},{},{}]','2020-08-17 00:05:32','2020-08-17 00:05:32'),(110,138,'Pellentesque at nulla. Suspendisse potenti. Cras in purus eu magna vulputate luctus.\n\nCum sociis natoque penatibus et magnis dis parturient montes, nascetur ridiculus mus. Vivamus vestibulum sagittis sapien. Cum sociis natoque penatibus et magnis dis parturient montes, nascetur ridiculus mus.\n\nEtiam vel augue. Vestibulum rutrum rutrum neque. Aenean auctor gravida sem.','[{},{},{},{},{}]','[{},{},{},{},{}]','2020-08-17 00:05:32','2020-08-17 00:05:32'),(111,163,'Morbi non lectus. Aliquam sit amet diam in magna bibendum imperdiet. Nullam orci pede, venenatis non, sodales sed, tincidunt eu, felis.\n\nFusce posuere felis sed lacus. Morbi sem mauris, laoreet ut, rhoncus aliquet, pulvinar sed, nisl. Nunc rhoncus dui vel sem.','[{},{}]','[{},{},{},{},{}]','2020-08-17 00:05:32','2020-08-17 00:05:32'),(112,3,'Aenean fermentum. Donec ut mauris eget massa tempor convallis. Nulla neque libero, convallis eget, eleifend luctus, ultricies eu, nibh.\n\nQuisque id justo sit amet sapien dignissim vestibulum. Vestibulum ante ipsum primis in faucibus orci luctus et ultrices posuere cubilia Curae; Nulla dapibus dolor vel est. Donec odio justo, sollicitudin ut, suscipit a, feugiat et, eros.','[{},{},{},{}]','[{},{},{}]','2020-08-17 00:05:32','2020-08-17 00:05:32'),(113,125,'Nam ultrices, libero non mattis pulvinar, nulla pede ullamcorper augue, a suscipit nulla elit ac nulla. Sed vel enim sit amet nunc viverra dapibus. Nulla suscipit ligula in lacus.\n\nCurabitur at ipsum ac tellus semper interdum. Mauris ullamcorper purus sit amet nulla. Quisque arcu libero, rutrum ac, lobortis vel, dapibus at, diam.','[{},{},{},{},{}]','[{},{},{},{}]','2020-08-17 00:05:32','2020-08-17 00:05:32'),(114,13,'Fusce posuere felis sed lacus. Morbi sem mauris, laoreet ut, rhoncus aliquet, pulvinar sed, nisl. Nunc rhoncus dui vel sem.\n\nSed sagittis. Nam congue, risus semper porta volutpat, quam pede lobortis ligula, sit amet eleifend pede libero quis orci. Nullam molestie nibh in lectus.\n\nPellentesque at nulla. Suspendisse potenti. Cras in purus eu magna vulputate luctus.','[{}]','[{},{}]','2020-08-17 00:05:32','2020-08-17 00:05:32'),(115,92,'Curabitur gravida nisi at nibh. In hac habitasse platea dictumst. Aliquam augue quam, sollicitudin vitae, consectetuer eget, rutrum at, lorem.\n\nInteger tincidunt ante vel ipsum. Praesent blandit lacinia erat. Vestibulum sed magna at nunc commodo placerat.\n\nPraesent blandit. Nam nulla. Integer pede justo, lacinia eget, tincidunt eget, tempus vel, pede.','[{},{},{}]','[{},{},{},{}]','2020-08-17 00:05:32','2020-08-17 00:05:32'),(116,19,'Nulla ut erat id mauris vulputate elementum. Nullam varius. Nulla facilisi.\n\nCras non velit nec nisi vulputate nonummy. Maecenas tincidunt lacus at velit. Vivamus vel nulla eget eros elementum pellentesque.\n\nQuisque porta volutpat erat. Quisque erat eros, viverra eget, congue eget, semper rutrum, nulla. Nunc purus.','[{},{},{},{}]','[{},{},{}]','2020-08-17 00:05:32','2020-08-17 00:05:32'),(117,18,'Quisque id justo sit amet sapien dignissim vestibulum. Vestibulum ante ipsum primis in faucibus orci luctus et ultrices posuere cubilia Curae; Nulla dapibus dolor vel est. Donec odio justo, sollicitudin ut, suscipit a, feugiat et, eros.\n\nVestibulum ac est lacinia nisi venenatis tristique. Fusce congue, diam id ornare imperdiet, sapien urna pretium nisl, ut volutpat sapien arcu sed augue. Aliquam erat volutpat.','[{},{}]','[{}]','2020-08-17 00:05:32','2020-08-17 00:05:32'),(118,32,'In hac habitasse platea dictumst. Etiam faucibus cursus urna. Ut tellus.','[{}]','[{},{}]','2020-08-17 00:05:32','2020-08-17 00:05:32'),(119,107,'Morbi porttitor lorem id ligula. Suspendisse ornare consequat lectus. In est risus, auctor sed, tristique in, tempus sit amet, sem.\n\nFusce consequat. Nulla nisl. Nunc nisl.','[{},{},{},{}]','[{},{},{},{}]','2020-08-17 00:05:32','2020-08-17 00:05:32'),(120,39,'Quisque id justo sit amet sapien dignissim vestibulum. Vestibulum ante ipsum primis in faucibus orci luctus et ultrices posuere cubilia Curae; Nulla dapibus dolor vel est. Donec odio justo, sollicitudin ut, suscipit a, feugiat et, eros.\n\nVestibulum ac est lacinia nisi venenatis tristique. Fusce congue, diam id ornare imperdiet, sapien urna pretium nisl, ut volutpat sapien arcu sed augue. Aliquam erat volutpat.','[{},{},{},{},{}]','[{},{},{},{}]','2020-08-17 00:05:32','2020-08-17 00:05:32'),(121,73,'Sed ante. Vivamus tortor. Duis mattis egestas metus.','[{},{},{},{},{}]','[{}]','2020-08-17 00:05:32','2020-08-17 00:05:32'),(122,45,'Vestibulum quam sapien, varius ut, blandit non, interdum in, ante. Vestibulum ante ipsum primis in faucibus orci luctus et ultrices posuere cubilia Curae; Duis faucibus accumsan odio. Curabitur convallis.\n\nDuis consequat dui nec nisi volutpat eleifend. Donec ut dolor. Morbi vel lectus in quam fringilla rhoncus.','[{},{}]','[{},{}]','2020-08-17 00:05:32','2020-08-17 00:05:32'),(123,9,'Etiam vel augue. Vestibulum rutrum rutrum neque. Aenean auctor gravida sem.\n\nPraesent id massa id nisl venenatis lacinia. Aenean sit amet justo. Morbi ut odio.','[{}]','[{},{},{}]','2020-08-17 00:05:32','2020-08-17 00:05:32'),(124,110,'Praesent blandit. Nam nulla. Integer pede justo, lacinia eget, tincidunt eget, tempus vel, pede.\n\nMorbi porttitor lorem id ligula. Suspendisse ornare consequat lectus. In est risus, auctor sed, tristique in, tempus sit amet, sem.','[{},{},{},{}]','[{},{},{},{},{}]','2020-08-17 00:05:32','2020-08-17 00:05:32'),(125,119,'Phasellus in felis. Donec semper sapien a libero. Nam dui.\n\nProin leo odio, porttitor id, consequat in, consequat ut, nulla. Sed accumsan felis. Ut at dolor quis odio consequat varius.\n\nInteger ac leo. Pellentesque ultrices mattis odio. Donec vitae nisi.','[{},{},{},{},{}]','[{},{},{},{}]','2020-08-17 00:05:32','2020-08-17 00:05:32'),(126,67,'In sagittis dui vel nisl. Duis ac nibh. Fusce lacus purus, aliquet at, feugiat non, pretium quis, lectus.\n\nSuspendisse potenti. In eleifend quam a odio. In hac habitasse platea dictumst.','[{},{},{},{},{}]','[{},{},{},{},{}]','2020-08-17 00:05:32','2020-08-17 00:05:32'),(127,176,'Mauris enim leo, rhoncus sed, vestibulum sit amet, cursus id, turpis. Integer aliquet, massa id lobortis convallis, tortor risus dapibus augue, vel accumsan tellus nisi eu orci. Mauris lacinia sapien quis libero.\n\nNullam sit amet turpis elementum ligula vehicula consequat. Morbi a ipsum. Integer a nibh.\n\nIn quis justo. Maecenas rhoncus aliquam lacus. Morbi quis tortor id nulla ultrices aliquet.','[{},{},{}]','[{},{}]','2020-08-17 00:05:32','2020-08-17 00:05:32'),(128,78,'Duis consequat dui nec nisi volutpat eleifend. Donec ut dolor. Morbi vel lectus in quam fringilla rhoncus.\n\nMauris enim leo, rhoncus sed, vestibulum sit amet, cursus id, turpis. Integer aliquet, massa id lobortis convallis, tortor risus dapibus augue, vel accumsan tellus nisi eu orci. Mauris lacinia sapien quis libero.\n\nNullam sit amet turpis elementum ligula vehicula consequat. Morbi a ipsum. Integer a nibh.','[{},{}]','[{},{},{},{},{}]','2020-08-17 00:05:32','2020-08-17 00:05:32'),(129,62,'Nullam porttitor lacus at turpis. Donec posuere metus vitae ipsum. Aliquam non mauris.','[{}]','[{}]','2020-08-17 00:05:32','2020-08-17 00:05:32'),(130,77,'In hac habitasse platea dictumst. Etiam faucibus cursus urna. Ut tellus.\n\nNulla ut erat id mauris vulputate elementum. Nullam varius. Nulla facilisi.\n\nCras non velit nec nisi vulputate nonummy. Maecenas tincidunt lacus at velit. Vivamus vel nulla eget eros elementum pellentesque.','[{},{},{},{}]','[{},{}]','2020-08-17 00:05:32','2020-08-17 00:05:32'),(131,199,'Quisque porta volutpat erat. Quisque erat eros, viverra eget, congue eget, semper rutrum, nulla. Nunc purus.','[{},{},{},{},{}]','[{},{}]','2020-08-17 00:05:33','2020-08-17 00:05:33'),(132,161,'Aenean lectus. Pellentesque eget nunc. Donec quis orci eget orci vehicula condimentum.\n\nCurabitur in libero ut massa volutpat convallis. Morbi odio odio, elementum eu, interdum eu, tincidunt in, leo. Maecenas pulvinar lobortis est.\n\nPhasellus sit amet erat. Nulla tempus. Vivamus in felis eu sapien cursus vestibulum.','[{}]','[{},{},{},{},{}]','2020-08-17 00:05:33','2020-08-17 00:05:33'),(133,10,'Cras non velit nec nisi vulputate nonummy. Maecenas tincidunt lacus at velit. Vivamus vel nulla eget eros elementum pellentesque.\n\nQuisque porta volutpat erat. Quisque erat eros, viverra eget, congue eget, semper rutrum, nulla. Nunc purus.','[{}]','[{},{}]','2020-08-17 00:05:33','2020-08-17 00:05:33'),(134,164,'Aenean fermentum. Donec ut mauris eget massa tempor convallis. Nulla neque libero, convallis eget, eleifend luctus, ultricies eu, nibh.\n\nQuisque id justo sit amet sapien dignissim vestibulum. Vestibulum ante ipsum primis in faucibus orci luctus et ultrices posuere cubilia Curae; Nulla dapibus dolor vel est. Donec odio justo, sollicitudin ut, suscipit a, feugiat et, eros.\n\nVestibulum ac est lacinia nisi venenatis tristique. Fusce congue, diam id ornare imperdiet, sapien urna pretium nisl, ut volutpat sapien arcu sed augue. Aliquam erat volutpat.','[{}]','[{}]','2020-08-17 00:05:33','2020-08-17 00:05:33'),(135,189,'Vestibulum ac est lacinia nisi venenatis tristique. Fusce congue, diam id ornare imperdiet, sapien urna pretium nisl, ut volutpat sapien arcu sed augue. Aliquam erat volutpat.\n\nIn congue. Etiam justo. Etiam pretium iaculis justo.','[{},{},{},{}]','[{},{},{},{}]','2020-08-17 00:05:33','2020-08-17 00:05:33'),(136,53,'Duis consequat dui nec nisi volutpat eleifend. Donec ut dolor. Morbi vel lectus in quam fringilla rhoncus.\n\nMauris enim leo, rhoncus sed, vestibulum sit amet, cursus id, turpis. Integer aliquet, massa id lobortis convallis, tortor risus dapibus augue, vel accumsan tellus nisi eu orci. Mauris lacinia sapien quis libero.','[{},{},{}]','[{},{},{}]','2020-08-17 00:05:33','2020-08-17 00:05:33'),(137,99,'Duis bibendum. Morbi non quam nec dui luctus rutrum. Nulla tellus.\n\nIn sagittis dui vel nisl. Duis ac nibh. Fusce lacus purus, aliquet at, feugiat non, pretium quis, lectus.\n\nSuspendisse potenti. In eleifend quam a odio. In hac habitasse platea dictumst.','[{},{},{}]','[{}]','2020-08-17 00:05:33','2020-08-17 00:05:33'),(138,133,'Quisque porta volutpat erat. Quisque erat eros, viverra eget, congue eget, semper rutrum, nulla. Nunc purus.\n\nPhasellus in felis. Donec semper sapien a libero. Nam dui.','[{},{},{},{},{}]','[{},{},{},{},{}]','2020-08-17 00:05:33','2020-08-17 00:05:33'),(139,168,'Phasellus sit amet erat. Nulla tempus. Vivamus in felis eu sapien cursus vestibulum.\n\nProin eu mi. Nulla ac enim. In tempor, turpis nec euismod scelerisque, quam turpis adipiscing lorem, vitae mattis nibh ligula nec sem.\n\nDuis aliquam convallis nunc. Proin at turpis a pede posuere nonummy. Integer non velit.','[{}]','[{},{}]','2020-08-17 00:05:33','2020-08-17 00:05:33'),(140,42,'In hac habitasse platea dictumst. Etiam faucibus cursus urna. Ut tellus.\n\nNulla ut erat id mauris vulputate elementum. Nullam varius. Nulla facilisi.','[{},{},{},{},{}]','[{},{}]','2020-08-17 00:05:33','2020-08-17 00:05:33'),(141,105,'Morbi non lectus. Aliquam sit amet diam in magna bibendum imperdiet. Nullam orci pede, venenatis non, sodales sed, tincidunt eu, felis.\n\nFusce posuere felis sed lacus. Morbi sem mauris, laoreet ut, rhoncus aliquet, pulvinar sed, nisl. Nunc rhoncus dui vel sem.','[{}]','[{},{}]','2020-08-17 00:05:33','2020-08-17 00:05:33'),(142,199,'Cum sociis natoque penatibus et magnis dis parturient montes, nascetur ridiculus mus. Vivamus vestibulum sagittis sapien. Cum sociis natoque penatibus et magnis dis parturient montes, nascetur ridiculus mus.','[{}]','[{}]','2020-08-17 00:05:33','2020-08-17 00:05:33'),(143,78,'In congue. Etiam justo. Etiam pretium iaculis justo.\n\nIn hac habitasse platea dictumst. Etiam faucibus cursus urna. Ut tellus.','[{},{},{},{},{}]','[{}]','2020-08-17 00:05:33','2020-08-17 00:05:33'),(144,195,'In congue. Etiam justo. Etiam pretium iaculis justo.','[{},{},{},{},{}]','[{},{},{}]','2020-08-17 00:05:33','2020-08-17 00:05:33'),(145,139,'Aenean fermentum. Donec ut mauris eget massa tempor convallis. Nulla neque libero, convallis eget, eleifend luctus, ultricies eu, nibh.','[{}]','[{},{},{}]','2020-08-17 00:05:33','2020-08-17 00:05:33'),(146,110,'Etiam vel augue. Vestibulum rutrum rutrum neque. Aenean auctor gravida sem.\n\nPraesent id massa id nisl venenatis lacinia. Aenean sit amet justo. Morbi ut odio.\n\nCras mi pede, malesuada in, imperdiet et, commodo vulputate, justo. In blandit ultrices enim. Lorem ipsum dolor sit amet, consectetuer adipiscing elit.','[{},{},{},{},{}]','[{},{},{},{}]','2020-08-17 00:05:33','2020-08-17 00:05:33'),(147,132,'Maecenas tristique, est et tempus semper, est quam pharetra magna, ac consequat metus sapien ut nunc. Vestibulum ante ipsum primis in faucibus orci luctus et ultrices posuere cubilia Curae; Mauris viverra diam vitae quam. Suspendisse potenti.\n\nNullam porttitor lacus at turpis. Donec posuere metus vitae ipsum. Aliquam non mauris.','[{},{},{},{},{}]','[{},{},{}]','2020-08-17 00:05:33','2020-08-17 00:05:33'),(148,130,'Suspendisse potenti. In eleifend quam a odio. In hac habitasse platea dictumst.','[{}]','[{},{},{},{}]','2020-08-17 00:05:33','2020-08-17 00:05:33'),(149,55,'Quisque porta volutpat erat. Quisque erat eros, viverra eget, congue eget, semper rutrum, nulla. Nunc purus.\n\nPhasellus in felis. Donec semper sapien a libero. Nam dui.','[{},{},{}]','[{},{},{}]','2020-08-17 00:05:33','2020-08-17 00:05:33'),(150,84,'Nullam porttitor lacus at turpis. Donec posuere metus vitae ipsum. Aliquam non mauris.','[{},{},{},{},{}]','[{},{},{}]','2020-08-17 00:05:33','2020-08-17 00:05:33'),(151,55,'Aliquam quis turpis eget elit sodales scelerisque. Mauris sit amet eros. Suspendisse accumsan tortor quis turpis.\n\nSed ante. Vivamus tortor. Duis mattis egestas metus.\n\nAenean fermentum. Donec ut mauris eget massa tempor convallis. Nulla neque libero, convallis eget, eleifend luctus, ultricies eu, nibh.','[{},{},{},{}]','[{},{}]','2020-08-17 00:05:33','2020-08-17 00:05:33'),(152,22,'Curabitur at ipsum ac tellus semper interdum. Mauris ullamcorper purus sit amet nulla. Quisque arcu libero, rutrum ac, lobortis vel, dapibus at, diam.','[{},{},{}]','[{},{},{},{},{}]','2020-08-17 00:05:33','2020-08-17 00:05:33'),(153,144,'Proin leo odio, porttitor id, consequat in, consequat ut, nulla. Sed accumsan felis. Ut at dolor quis odio consequat varius.\n\nInteger ac leo. Pellentesque ultrices mattis odio. Donec vitae nisi.','[{},{},{},{}]','[{},{},{}]','2020-08-17 00:05:33','2020-08-17 00:05:33'),(154,52,'Cum sociis natoque penatibus et magnis dis parturient montes, nascetur ridiculus mus. Vivamus vestibulum sagittis sapien. Cum sociis natoque penatibus et magnis dis parturient montes, nascetur ridiculus mus.\n\nEtiam vel augue. Vestibulum rutrum rutrum neque. Aenean auctor gravida sem.\n\nPraesent id massa id nisl venenatis lacinia. Aenean sit amet justo. Morbi ut odio.','[{},{},{}]','[{}]','2020-08-17 00:05:33','2020-08-17 00:05:33'),(155,30,'Nulla ut erat id mauris vulputate elementum. Nullam varius. Nulla facilisi.\n\nCras non velit nec nisi vulputate nonummy. Maecenas tincidunt lacus at velit. Vivamus vel nulla eget eros elementum pellentesque.','[{},{},{},{},{}]','[{}]','2020-08-17 00:05:33','2020-08-17 00:05:33'),(156,192,'Aenean lectus. Pellentesque eget nunc. Donec quis orci eget orci vehicula condimentum.\n\nCurabitur in libero ut massa volutpat convallis. Morbi odio odio, elementum eu, interdum eu, tincidunt in, leo. Maecenas pulvinar lobortis est.\n\nPhasellus sit amet erat. Nulla tempus. Vivamus in felis eu sapien cursus vestibulum.','[{},{}]','[{},{},{},{}]','2020-08-17 00:05:33','2020-08-17 00:05:33'),(157,69,'Duis bibendum, felis sed interdum venenatis, turpis enim blandit mi, in porttitor pede justo eu massa. Donec dapibus. Duis at velit eu est congue elementum.','[{},{},{},{},{}]','[{},{},{},{},{}]','2020-08-17 00:05:33','2020-08-17 00:05:33'),(158,167,'In quis justo. Maecenas rhoncus aliquam lacus. Morbi quis tortor id nulla ultrices aliquet.\n\nMaecenas leo odio, condimentum id, luctus nec, molestie sed, justo. Pellentesque viverra pede ac diam. Cras pellentesque volutpat dui.','[{},{},{},{}]','[{},{},{},{}]','2020-08-17 00:05:33','2020-08-17 00:05:33'),(159,29,'Nulla ut erat id mauris vulputate elementum. Nullam varius. Nulla facilisi.','[{},{}]','[{},{}]','2020-08-17 00:05:33','2020-08-17 00:05:33'),(160,45,'Sed ante. Vivamus tortor. Duis mattis egestas metus.\n\nAenean fermentum. Donec ut mauris eget massa tempor convallis. Nulla neque libero, convallis eget, eleifend luctus, ultricies eu, nibh.\n\nQuisque id justo sit amet sapien dignissim vestibulum. Vestibulum ante ipsum primis in faucibus orci luctus et ultrices posuere cubilia Curae; Nulla dapibus dolor vel est. Donec odio justo, sollicitudin ut, suscipit a, feugiat et, eros.','[{},{},{},{},{}]','[{}]','2020-08-17 00:05:33','2020-08-17 00:05:33'),(161,138,'Vestibulum quam sapien, varius ut, blandit non, interdum in, ante. Vestibulum ante ipsum primis in faucibus orci luctus et ultrices posuere cubilia Curae; Duis faucibus accumsan odio. Curabitur convallis.','[{},{},{},{},{}]','[{},{}]','2020-08-17 00:05:33','2020-08-17 00:05:33'),(162,153,'Vestibulum quam sapien, varius ut, blandit non, interdum in, ante. Vestibulum ante ipsum primis in faucibus orci luctus et ultrices posuere cubilia Curae; Duis faucibus accumsan odio. Curabitur convallis.\n\nDuis consequat dui nec nisi volutpat eleifend. Donec ut dolor. Morbi vel lectus in quam fringilla rhoncus.\n\nMauris enim leo, rhoncus sed, vestibulum sit amet, cursus id, turpis. Integer aliquet, massa id lobortis convallis, tortor risus dapibus augue, vel accumsan tellus nisi eu orci. Mauris lacinia sapien quis libero.','[{},{}]','[{},{},{}]','2020-08-17 00:05:33','2020-08-17 00:05:33'),(163,150,'Aenean fermentum. Donec ut mauris eget massa tempor convallis. Nulla neque libero, convallis eget, eleifend luctus, ultricies eu, nibh.','[{},{}]','[{}]','2020-08-17 00:05:33','2020-08-17 00:05:33'),(164,92,'In congue. Etiam justo. Etiam pretium iaculis justo.\n\nIn hac habitasse platea dictumst. Etiam faucibus cursus urna. Ut tellus.\n\nNulla ut erat id mauris vulputate elementum. Nullam varius. Nulla facilisi.','[{},{},{},{},{}]','[{}]','2020-08-17 00:05:33','2020-08-17 00:05:33'),(165,10,'Morbi non lectus. Aliquam sit amet diam in magna bibendum imperdiet. Nullam orci pede, venenatis non, sodales sed, tincidunt eu, felis.\n\nFusce posuere felis sed lacus. Morbi sem mauris, laoreet ut, rhoncus aliquet, pulvinar sed, nisl. Nunc rhoncus dui vel sem.','[{},{},{}]','[{},{},{}]','2020-08-17 00:05:33','2020-08-17 00:05:33'),(166,173,'Phasellus in felis. Donec semper sapien a libero. Nam dui.','[{},{},{},{},{}]','[{}]','2020-08-17 00:05:33','2020-08-17 00:05:33'),(167,33,'Vestibulum ac est lacinia nisi venenatis tristique. Fusce congue, diam id ornare imperdiet, sapien urna pretium nisl, ut volutpat sapien arcu sed augue. Aliquam erat volutpat.\n\nIn congue. Etiam justo. Etiam pretium iaculis justo.\n\nIn hac habitasse platea dictumst. Etiam faucibus cursus urna. Ut tellus.','[{},{},{}]','[{},{},{},{},{}]','2020-08-17 00:05:33','2020-08-17 00:05:33'),(168,47,'Duis consequat dui nec nisi volutpat eleifend. Donec ut dolor. Morbi vel lectus in quam fringilla rhoncus.','[{}]','[{},{},{},{}]','2020-08-17 00:05:33','2020-08-17 00:05:33'),(169,134,'Integer ac leo. Pellentesque ultrices mattis odio. Donec vitae nisi.\n\nNam ultrices, libero non mattis pulvinar, nulla pede ullamcorper augue, a suscipit nulla elit ac nulla. Sed vel enim sit amet nunc viverra dapibus. Nulla suscipit ligula in lacus.\n\nCurabitur at ipsum ac tellus semper interdum. Mauris ullamcorper purus sit amet nulla. Quisque arcu libero, rutrum ac, lobortis vel, dapibus at, diam.','[{},{},{}]','[{},{},{}]','2020-08-17 00:05:33','2020-08-17 00:05:33'),(170,130,'Vestibulum quam sapien, varius ut, blandit non, interdum in, ante. Vestibulum ante ipsum primis in faucibus orci luctus et ultrices posuere cubilia Curae; Duis faucibus accumsan odio. Curabitur convallis.\n\nDuis consequat dui nec nisi volutpat eleifend. Donec ut dolor. Morbi vel lectus in quam fringilla rhoncus.','[{},{}]','[{}]','2020-08-17 00:05:33','2020-08-17 00:05:33'),(171,47,'In quis justo. Maecenas rhoncus aliquam lacus. Morbi quis tortor id nulla ultrices aliquet.\n\nMaecenas leo odio, condimentum id, luctus nec, molestie sed, justo. Pellentesque viverra pede ac diam. Cras pellentesque volutpat dui.','[{}]','[{},{},{},{}]','2020-08-17 00:05:33','2020-08-17 00:05:33'),(172,43,'Duis bibendum, felis sed interdum venenatis, turpis enim blandit mi, in porttitor pede justo eu massa. Donec dapibus. Duis at velit eu est congue elementum.\n\nIn hac habitasse platea dictumst. Morbi vestibulum, velit id pretium iaculis, diam erat fermentum justo, nec condimentum neque sapien placerat ante. Nulla justo.\n\nAliquam quis turpis eget elit sodales scelerisque. Mauris sit amet eros. Suspendisse accumsan tortor quis turpis.','[{},{},{}]','[{},{},{},{}]','2020-08-17 00:05:33','2020-08-17 00:05:33'),(173,73,'Morbi non lectus. Aliquam sit amet diam in magna bibendum imperdiet. Nullam orci pede, venenatis non, sodales sed, tincidunt eu, felis.','[{},{},{},{}]','[{},{},{},{},{}]','2020-08-17 00:05:33','2020-08-17 00:05:33'),(174,37,'Aenean fermentum. Donec ut mauris eget massa tempor convallis. Nulla neque libero, convallis eget, eleifend luctus, ultricies eu, nibh.\n\nQuisque id justo sit amet sapien dignissim vestibulum. Vestibulum ante ipsum primis in faucibus orci luctus et ultrices posuere cubilia Curae; Nulla dapibus dolor vel est. Donec odio justo, sollicitudin ut, suscipit a, feugiat et, eros.\n\nVestibulum ac est lacinia nisi venenatis tristique. Fusce congue, diam id ornare imperdiet, sapien urna pretium nisl, ut volutpat sapien arcu sed augue. Aliquam erat volutpat.','[{},{},{},{}]','[{},{},{}]','2020-08-17 00:05:33','2020-08-17 00:05:33'),(175,167,'Phasellus in felis. Donec semper sapien a libero. Nam dui.\n\nProin leo odio, porttitor id, consequat in, consequat ut, nulla. Sed accumsan felis. Ut at dolor quis odio consequat varius.','[{},{},{},{},{}]','[{}]','2020-08-17 00:05:33','2020-08-17 00:05:33'),(176,123,'In hac habitasse platea dictumst. Etiam faucibus cursus urna. Ut tellus.\n\nNulla ut erat id mauris vulputate elementum. Nullam varius. Nulla facilisi.','[{},{},{},{},{}]','[{},{},{}]','2020-08-17 00:05:33','2020-08-17 00:05:33'),(177,113,'Duis consequat dui nec nisi volutpat eleifend. Donec ut dolor. Morbi vel lectus in quam fringilla rhoncus.\n\nMauris enim leo, rhoncus sed, vestibulum sit amet, cursus id, turpis. Integer aliquet, massa id lobortis convallis, tortor risus dapibus augue, vel accumsan tellus nisi eu orci. Mauris lacinia sapien quis libero.','[{},{},{},{},{}]','[{}]','2020-08-17 00:05:33','2020-08-17 00:05:33'),(178,196,'Aenean lectus. Pellentesque eget nunc. Donec quis orci eget orci vehicula condimentum.\n\nCurabitur in libero ut massa volutpat convallis. Morbi odio odio, elementum eu, interdum eu, tincidunt in, leo. Maecenas pulvinar lobortis est.\n\nPhasellus sit amet erat. Nulla tempus. Vivamus in felis eu sapien cursus vestibulum.','[{}]','[{},{},{},{},{}]','2020-08-17 00:05:33','2020-08-17 00:05:33'),(179,39,'Quisque porta volutpat erat. Quisque erat eros, viverra eget, congue eget, semper rutrum, nulla. Nunc purus.','[{}]','[{},{},{},{},{}]','2020-08-17 00:05:33','2020-08-17 00:05:33'),(180,6,'Maecenas ut massa quis augue luctus tincidunt. Nulla mollis molestie lorem. Quisque ut erat.\n\nCurabitur gravida nisi at nibh. In hac habitasse platea dictumst. Aliquam augue quam, sollicitudin vitae, consectetuer eget, rutrum at, lorem.','[{},{},{},{}]','[{},{},{},{},{}]','2020-08-17 00:05:33','2020-08-17 00:05:33'),(181,115,'In hac habitasse platea dictumst. Morbi vestibulum, velit id pretium iaculis, diam erat fermentum justo, nec condimentum neque sapien placerat ante. Nulla justo.\n\nAliquam quis turpis eget elit sodales scelerisque. Mauris sit amet eros. Suspendisse accumsan tortor quis turpis.','[{},{},{},{},{}]','[{},{},{},{}]','2020-08-17 00:05:33','2020-08-17 00:05:33'),(182,154,'Fusce consequat. Nulla nisl. Nunc nisl.\n\nDuis bibendum, felis sed interdum venenatis, turpis enim blandit mi, in porttitor pede justo eu massa. Donec dapibus. Duis at velit eu est congue elementum.\n\nIn hac habitasse platea dictumst. Morbi vestibulum, velit id pretium iaculis, diam erat fermentum justo, nec condimentum neque sapien placerat ante. Nulla justo.','[{},{}]','[{}]','2020-08-17 00:05:33','2020-08-17 00:05:33'),(183,26,'In hac habitasse platea dictumst. Etiam faucibus cursus urna. Ut tellus.\n\nNulla ut erat id mauris vulputate elementum. Nullam varius. Nulla facilisi.','[{},{}]','[{},{},{},{}]','2020-08-17 00:05:33','2020-08-17 00:05:33'),(184,66,'In quis justo. Maecenas rhoncus aliquam lacus. Morbi quis tortor id nulla ultrices aliquet.','[{}]','[{},{}]','2020-08-17 00:05:33','2020-08-17 00:05:33'),(185,53,'Nulla ut erat id mauris vulputate elementum. Nullam varius. Nulla facilisi.\n\nCras non velit nec nisi vulputate nonummy. Maecenas tincidunt lacus at velit. Vivamus vel nulla eget eros elementum pellentesque.\n\nQuisque porta volutpat erat. Quisque erat eros, viverra eget, congue eget, semper rutrum, nulla. Nunc purus.','[{},{}]','[{}]','2020-08-17 00:05:33','2020-08-17 00:05:33'),(186,65,'Vestibulum ac est lacinia nisi venenatis tristique. Fusce congue, diam id ornare imperdiet, sapien urna pretium nisl, ut volutpat sapien arcu sed augue. Aliquam erat volutpat.\n\nIn congue. Etiam justo. Etiam pretium iaculis justo.\n\nIn hac habitasse platea dictumst. Etiam faucibus cursus urna. Ut tellus.','[{},{},{},{}]','[{}]','2020-08-17 00:05:33','2020-08-17 00:05:33'),(187,168,'Fusce consequat. Nulla nisl. Nunc nisl.','[{},{},{}]','[{},{}]','2020-08-17 00:05:33','2020-08-17 00:05:33'),(188,43,'Lorem ipsum dolor sit amet, consectetuer adipiscing elit. Proin risus. Praesent lectus.\n\nVestibulum quam sapien, varius ut, blandit non, interdum in, ante. Vestibulum ante ipsum primis in faucibus orci luctus et ultrices posuere cubilia Curae; Duis faucibus accumsan odio. Curabitur convallis.\n\nDuis consequat dui nec nisi volutpat eleifend. Donec ut dolor. Morbi vel lectus in quam fringilla rhoncus.','[{},{}]','[{}]','2020-08-17 00:05:33','2020-08-17 00:05:33'),(189,111,'Vestibulum ac est lacinia nisi venenatis tristique. Fusce congue, diam id ornare imperdiet, sapien urna pretium nisl, ut volutpat sapien arcu sed augue. Aliquam erat volutpat.\n\nIn congue. Etiam justo. Etiam pretium iaculis justo.\n\nIn hac habitasse platea dictumst. Etiam faucibus cursus urna. Ut tellus.','[{},{},{},{},{}]','[{},{}]','2020-08-17 00:05:33','2020-08-17 00:05:33'),(190,24,'Sed ante. Vivamus tortor. Duis mattis egestas metus.','[{},{},{}]','[{}]','2020-08-17 00:05:33','2020-08-17 00:05:33'),(191,189,'In hac habitasse platea dictumst. Etiam faucibus cursus urna. Ut tellus.\n\nNulla ut erat id mauris vulputate elementum. Nullam varius. Nulla facilisi.\n\nCras non velit nec nisi vulputate nonummy. Maecenas tincidunt lacus at velit. Vivamus vel nulla eget eros elementum pellentesque.','[{},{},{}]','[{}]','2020-08-17 00:05:33','2020-08-17 00:05:33'),(192,71,'Proin leo odio, porttitor id, consequat in, consequat ut, nulla. Sed accumsan felis. Ut at dolor quis odio consequat varius.','[{},{},{},{}]','[{},{},{}]','2020-08-17 00:05:34','2020-08-17 00:05:34'),(193,188,'Lorem ipsum dolor sit amet, consectetuer adipiscing elit. Proin risus. Praesent lectus.\n\nVestibulum quam sapien, varius ut, blandit non, interdum in, ante. Vestibulum ante ipsum primis in faucibus orci luctus et ultrices posuere cubilia Curae; Duis faucibus accumsan odio. Curabitur convallis.','[{},{},{}]','[{}]','2020-08-17 00:05:34','2020-08-17 00:05:34'),(194,127,'In sagittis dui vel nisl. Duis ac nibh. Fusce lacus purus, aliquet at, feugiat non, pretium quis, lectus.\n\nSuspendisse potenti. In eleifend quam a odio. In hac habitasse platea dictumst.','[{},{}]','[{}]','2020-08-17 00:05:34','2020-08-17 00:05:34'),(195,71,'Nulla ut erat id mauris vulputate elementum. Nullam varius. Nulla facilisi.','[{},{},{},{},{}]','[{},{}]','2020-08-17 00:05:34','2020-08-17 00:05:34'),(196,174,'Vestibulum ac est lacinia nisi venenatis tristique. Fusce congue, diam id ornare imperdiet, sapien urna pretium nisl, ut volutpat sapien arcu sed augue. Aliquam erat volutpat.\n\nIn congue. Etiam justo. Etiam pretium iaculis justo.','[{},{},{},{}]','[{},{},{}]','2020-08-17 00:05:34','2020-08-17 00:05:34'),(197,57,'Proin interdum mauris non ligula pellentesque ultrices. Phasellus id sapien in sapien iaculis congue. Vivamus metus arcu, adipiscing molestie, hendrerit at, vulputate vitae, nisl.\n\nAenean lectus. Pellentesque eget nunc. Donec quis orci eget orci vehicula condimentum.','[{},{},{},{}]','[{},{},{},{}]','2020-08-17 00:05:34','2020-08-17 00:05:34'),(198,160,'Mauris enim leo, rhoncus sed, vestibulum sit amet, cursus id, turpis. Integer aliquet, massa id lobortis convallis, tortor risus dapibus augue, vel accumsan tellus nisi eu orci. Mauris lacinia sapien quis libero.\n\nNullam sit amet turpis elementum ligula vehicula consequat. Morbi a ipsum. Integer a nibh.\n\nIn quis justo. Maecenas rhoncus aliquam lacus. Morbi quis tortor id nulla ultrices aliquet.','[{},{},{},{}]','[{},{},{},{},{}]','2020-08-17 00:05:34','2020-08-17 00:05:34'),(199,32,'Donec diam neque, vestibulum eget, vulputate ut, ultrices vel, augue. Vestibulum ante ipsum primis in faucibus orci luctus et ultrices posuere cubilia Curae; Donec pharetra, magna vestibulum aliquet ultrices, erat tortor sollicitudin mi, sit amet lobortis sapien sapien non mi. Integer ac neque.\n\nDuis bibendum. Morbi non quam nec dui luctus rutrum. Nulla tellus.\n\nIn sagittis dui vel nisl. Duis ac nibh. Fusce lacus purus, aliquet at, feugiat non, pretium quis, lectus.','[{},{},{},{},{}]','[{},{},{}]','2020-08-17 00:05:34','2020-08-17 00:05:34'),(200,77,'Proin leo odio, porttitor id, consequat in, consequat ut, nulla. Sed accumsan felis. Ut at dolor quis odio consequat varius.\n\nInteger ac leo. Pellentesque ultrices mattis odio. Donec vitae nisi.\n\nNam ultrices, libero non mattis pulvinar, nulla pede ullamcorper augue, a suscipit nulla elit ac nulla. Sed vel enim sit amet nunc viverra dapibus. Nulla suscipit ligula in lacus.','[{},{}]','[{},{},{}]','2020-08-17 00:05:34','2020-08-17 00:05:34');
/*!40000 ALTER TABLE `posts` ENABLE KEYS */;
UNLOCK TABLES;

--
-- Table structure for table `profiles`
--

DROP TABLE IF EXISTS `profiles`;
/*!40101 SET @saved_cs_client     = @@character_set_client */;
/*!40101 SET character_set_client = utf8 */;
CREATE TABLE `profiles` (
  `user_id` bigint(20) unsigned NOT NULL AUTO_INCREMENT,
  `name` varchar(255) NOT NULL,
  `lastname` varchar(255) NOT NULL,
  `gender` char(1) DEFAULT NULL,
  `birthday` date DEFAULT NULL,
  `photo_id` bigint(20) unsigned DEFAULT NULL,
  PRIMARY KEY (`user_id`),
  KEY `name` (`name`),
  KEY `lastname` (`lastname`),
  CONSTRAINT `profiles_ibfk_1` FOREIGN KEY (`user_id`) REFERENCES `users` (`id`)
) ENGINE=InnoDB AUTO_INCREMENT=301 DEFAULT CHARSET=utf8;
/*!40101 SET character_set_client = @saved_cs_client */;

--
-- Dumping data for table `profiles`
--

LOCK TABLES `profiles` WRITE;
/*!40000 ALTER TABLE `profiles` DISABLE KEYS */;
INSERT INTO `profiles` VALUES (1,'mdancy0','mhelgass0','','2020-04-12',1),(2,'rsaunderson1','cbearn1','','2019-09-20',2),(3,'gpearn2','bcastelot2','','2020-06-13',3),(4,'othornewill3','colech3','','2020-07-12',4),(5,'tnorway4','mpreece4','','2019-10-04',NULL),(6,'nunger5','dcordon5',NULL,'2020-02-19',6),(7,'bkeenleyside6','ckleanthous6','','2020-01-02',NULL),(8,'eboichat7','lbaffin7',NULL,'2020-06-14',8),(9,'nmckaile8','gstefanovic8',NULL,'2019-09-17',NULL),(10,'cwetherald9','billidge9',NULL,'2019-10-03',10),(11,'jwillavizea','jfontainea','','2020-06-29',11),(12,'cfassetb','cfoaleb',NULL,'2020-02-18',12),(13,'lthunnerclefc','dferminc',NULL,'2020-01-02',13),(14,'dmccaddend','jfarthingd',NULL,'2019-09-21',14),(15,'kmackibbone','mwattinhame','','2020-07-25',NULL),(16,'hsheadf','mcrushamf',NULL,'2019-12-23',16),(17,'odeglanvilleg','bfoxleyg','','2019-10-11',17),(18,'dkelingh','gbendanh','','2019-10-20',NULL),(19,'ehatchetti','dshoebrooki',NULL,'2019-10-30',19),(20,'ihealksj','ktubridyj','','2019-11-09',20),(21,'kcowwellk','datterk','','2019-11-23',NULL),(22,'esticklandl','cdautryl','','2020-03-26',NULL),(23,'jwickwarthm','mpostiansm','','2019-12-27',23),(24,'bborghesen','mgartsyden','','2020-04-08',NULL),(25,'shemmingwayo','hdelleschio','','2020-02-08',25),(26,'tjimenop','pstranksp',NULL,'2019-12-13',26),(27,'lyuranovevq','gsiebq',NULL,'2020-07-08',27),(28,'ebrunsenr','ctamesr','','2020-06-17',28),(29,'tfains','cdomengues','','2019-09-15',29),(30,'vhyettt','cbrechint','','2019-08-27',30),(31,'sdonisiu','sfronksu',NULL,'2020-02-24',NULL),(32,'kduffanv','agoringv','','2020-03-10',32),(33,'ffawssettw','tbowgenw','','2020-03-19',33),(34,'ggiblingx','obainbriggex',NULL,'2019-12-10',NULL),(35,'bflowerdeny','gscobley','','2020-05-28',NULL),(36,'rworcesterz','jlangrishz',NULL,'2019-11-03',36),(37,'schritchlow10','aalmack10',NULL,'2019-10-15',37),(38,'gadamou11','lellams11','','2020-02-15',38),(39,'bdugue12','tsibille12','','2019-10-24',39),(40,'ceynon13','stregunnah13','','2019-11-15',NULL),(41,'rohm14','ccoddington14','','2020-07-08',41),(42,'sbennet15','aneilus15','','2019-11-28',NULL),(43,'jstclair16','vhazeley16','','2020-07-26',43),(44,'aranfield17','thaliburn17','','2020-03-18',44),(45,'nredhills18','cbluck18','','2020-01-11',45),(46,'mkubiak19','mtook19','','2019-09-02',46),(47,'vflatte1a','pcomford1a','','2020-07-14',47),(48,'scraxford1b','bberthome1b',NULL,'2019-09-28',48),(49,'cbygott1c','rpyner1c',NULL,'2019-10-05',NULL),(50,'rtuplin1d','tferretti1d',NULL,'2020-05-01',50),(51,'ccunradi1e','jlemerchant1e','','2020-05-26',51),(52,'ymcquaid1f','craxworthy1f','','2020-04-29',NULL),(53,'skeniwell1g','afinlator1g',NULL,'2020-08-10',NULL),(54,'hmeni1h','eohogertie1h',NULL,'2020-05-10',NULL),(55,'stirrell1i','nhulks1i','','2020-01-25',NULL),(56,'sedes1j','kmedley1j',NULL,'2020-08-01',56),(57,'dgopsill1k','oscullard1k',NULL,'2020-07-02',57),(58,'lwadly1l','badriani1l','','2020-02-03',NULL),(59,'rhunnisett1m','gmollon1m','','2019-09-30',59),(60,'tviegas1n','driddick1n',NULL,'2019-10-22',NULL),(61,'lgambrell1o','wklement1o','','2020-07-05',61),(62,'mhaimes1p','cmanvell1p',NULL,'2019-09-04',62),(63,'llangridge1q','melington1q','','2020-04-10',63),(64,'sswaile1r','tkail1r',NULL,'2020-02-29',64),(65,'shalloran1s','rtremeer1s','','2019-10-25',NULL),(66,'cpuckrin1t','klilliman1t','','2020-07-08',66),(67,'bfindley1u','hveracruysse1u','','2020-07-02',67),(68,'oskipping1v','gcella1v',NULL,'2020-05-19',NULL),(69,'gteanby1w','grosita1w','','2020-06-09',69),(70,'bweedon1x','gthormann1x','','2019-11-24',NULL),(71,'dsquirrell1y','pclausius1y','','2019-08-22',71),(72,'nstillwell1z','fcongdon1z',NULL,'2019-10-15',NULL),(73,'rnucciotti20','dpantecost20','','2020-03-27',73),(74,'qlucien21','ldeblasi21','','2019-09-29',NULL),(75,'ccornau22','bgilbey22','','2019-10-23',75),(76,'cescalante23','jdammarell23','','2020-03-11',76),(77,'dtuminini24','ekleinert24',NULL,'2019-08-17',77),(78,'mhagerty25','wrevance25','','2019-12-12',78),(79,'lodwyer26','bjellico26',NULL,'2019-10-12',79),(80,'ndimitriev27','bcorragan27',NULL,'2019-09-28',80),(81,'cfinci28','lvasiljevic28',NULL,'2020-01-15',81),(82,'vsinott29','lsalvatore29',NULL,'2019-11-05',82),(83,'cmarqyes2a','amcileen2a','','2019-09-18',NULL),(84,'dmckew2b','sklass2b',NULL,'2020-02-14',NULL),(85,'bheatherington2c','icasford2c','','2020-08-06',NULL),(86,'ktemblett2d','lheimes2d','','2020-08-14',NULL),(87,'jshannon2e','cwinterborne2e','','2020-07-13',87),(88,'wtassell2f','gspendley2f',NULL,'2019-12-14',NULL),(89,'ahourican2g','aconrad2g','','2019-09-11',89),(90,'lposse2h','ccaulliere2h','','2019-12-12',NULL),(91,'spipes2i','kallington2i','','2019-10-13',91),(92,'hcoatham2j','jcowell2j','','2019-10-28',92),(93,'dkleynermans2k','gsone2k','','2019-11-17',NULL),(94,'msemrad2l','eickovic2l','','2019-10-17',94),(95,'lhardan2m','bdulin2m','','2019-12-15',95),(96,'onaper2n','ahills2n','','2020-04-08',NULL),(97,'slorenc2o','efroude2o','','2020-02-18',NULL),(98,'gpolendine2p','ageist2p','','2019-11-03',98),(99,'omacduff2q','fbrewis2q','','2019-10-30',99),(100,'fbrydie2r','warmall2r','','2020-03-04',NULL),(101,'awaddy2s','lboissier2s','','2019-11-16',101),(102,'hwestphalen2t','etureville2t',NULL,'2020-07-23',102),(103,'dknivett2u','smulholland2u','','2019-11-24',NULL),(104,'csaldler2v','tblaby2v','','2019-12-19',104),(105,'kflagg2w','psmewin2w','','2020-02-04',105),(106,'sherley2x','bronisch2x','','2020-02-08',106),(107,'mgirt2y','cneles2y','','2019-08-21',NULL),(108,'ifayers2z','adibdall2z','','2020-01-08',108),(109,'vdeverock30','mhargey30','','2019-09-15',NULL),(110,'tmelato31','bdesforges31','','2019-11-10',110),(111,'gsnell32','sbaline32','','2020-06-26',111),(112,'ehavill33','fskerrett33','','2020-03-13',NULL),(113,'dthomelin34','cpietruschka34','','2020-06-05',113),(114,'whazelton35','maddicote35','','2020-02-17',114),(115,'lduxbury36','egarroway36','','2019-12-18',115),(116,'mpurcell37','hwestney37','','2020-03-09',116),(117,'lselkirk38','smoggle38','','2020-08-08',NULL),(118,'rharradence39','mkay39','','2020-07-01',118),(119,'dcrix3a','gcasbourne3a','','2019-09-15',119),(120,'gparham3b','bstaddom3b',NULL,'2020-01-30',NULL),(121,'rsnap3c','bfowkes3c',NULL,'2019-09-07',121),(122,'msteketee3d','pstredwick3d',NULL,'2019-10-08',122),(123,'jmaureen3e','acuerdall3e','','2019-10-18',123),(124,'ojosephson3f','rlemonnier3f',NULL,'2019-10-06',124),(125,'eroddie3g','nbirmingham3g','','2019-10-14',125),(126,'hgerdes3h','sblandamore3h','','2019-11-30',126),(127,'lspicer3i','aream3i','','2019-10-13',NULL),(128,'gphilipp3j','aanthonies3j','','2019-12-30',128),(129,'treyner3k','ffick3k','','2020-03-21',129),(130,'dlandsberg3l','hferson3l','','2019-10-14',130),(131,'slages3m','fcariss3m',NULL,'2020-05-13',NULL),(132,'estilling3n','aangus3n','','2020-02-16',NULL),(133,'jgipps3o','fbriers3o','','2019-09-24',NULL),(134,'awaltho3p','afearfull3p',NULL,'2020-04-18',134),(135,'rredan3q','cjackling3q','','2020-06-30',NULL),(136,'lbleckly3r','mneicho3r','','2019-12-28',136),(137,'achasson3s','wgrahlmans3s',NULL,'2019-10-18',NULL),(138,'agiacomoni3t','cbernhardt3t','','2019-12-12',138),(139,'kdorsay3u','abidder3u','','2019-11-27',139),(140,'hsnowden3v','sjacobi3v',NULL,'2019-09-11',140),(141,'lteesdale3w','blindborg3w','','2020-02-20',141),(142,'chaggett3x','ebelliveau3x','','2019-09-16',142),(143,'vjuanico3y','ssainz3y','','2020-07-03',143),(144,'bmcisaac3z','odrayton3z',NULL,'2020-01-02',144),(145,'cskitt40','kmearing40','','2020-06-21',145),(146,'despinel41','dvasichev41','','2020-04-01',146),(147,'awimbush42','rfosdyke42',NULL,'2020-02-15',147),(148,'bjeannequin43','blitel43',NULL,'2020-06-07',NULL),(149,'lmote44','sbyers44','','2020-06-07',149),(150,'eprobert45','lcouch45','','2019-11-30',150),(151,'rwewell46','gfeldfisher46','','2020-07-06',NULL),(152,'trenouf47','mnovak47','','2020-01-30',152),(153,'rmaplethorp48','cbeernaert48','','2019-12-09',NULL),(154,'odranfield49','lhaton49','','2019-11-16',154),(155,'sfellgett4a','mslafford4a','','2020-06-03',155),(156,'fmcknockiter4b','pmoring4b','','2020-03-11',156),(157,'acarlsen4c','rsanchis4c','','2019-11-10',157),(158,'kgehringer4d','tyouel4d','','2020-01-15',158),(159,'bloddy4e','esego4e','','2020-08-10',159),(160,'bmacarte4f','kbarwis4f','','2020-01-27',160),(161,'pfraanchyonok4g','kscarlin4g',NULL,'2020-02-08',NULL),(162,'tingleson4h','alamperd4h',NULL,'2020-07-02',NULL),(163,'hhawkings4i','abarwis4i',NULL,'2019-10-23',NULL),(164,'mpeasnone4j','jpavel4j','','2020-05-07',NULL),(165,'dwykes4k','bgwillyam4k',NULL,'2019-10-25',165),(166,'mtottle4l','tgwin4l','','2020-06-08',166),(167,'vbuckmaster4m','srobillart4m','','2019-11-08',167),(168,'lragbourn4n','scrilly4n','','2020-03-07',168),(169,'fgurton4o','aastlatt4o','','2019-09-04',169),(170,'cmclevie4p','pjoyes4p',NULL,'2020-03-19',170),(171,'cbeszant4q','rstorres4q','','2019-12-10',171),(172,'hgoding4r','edyster4r','','2020-06-04',172),(173,'dcaps4s','bsimonite4s',NULL,'2020-04-13',173),(174,'mbestwall4t','isneesbie4t','','2019-12-23',174),(175,'gettles4u','dhalbard4u','','2019-08-31',175),(176,'fstevani4v','ilieb4v','','2020-03-18',176),(177,'nfuggles4w','gpeach4w','','2019-10-03',177),(178,'hgannan4x','llembcke4x','','2019-11-02',178),(179,'bgrimwood4y','mmacellar4y','','2020-07-20',179),(180,'kforsey4z','mleyninye4z',NULL,'2019-09-22',180),(181,'amcevay50','mboyde50','','2020-01-06',181),(182,'khardesty51','bwhitelaw51','','2019-12-04',NULL),(183,'asperrett52','lshrubsall52','','2020-07-30',183),(184,'cbragg53','jboykett53','','2019-12-27',NULL),(185,'awissbey54','bculley54',NULL,'2020-06-15',185),(186,'anaish55','nkohen55',NULL,'2020-02-01',186),(187,'cocullen56','ntacon56','','2020-05-03',187),(188,'gbeardmore57','cgianolo57','','2019-10-03',188),(189,'ttice58','bmuskett58','','2020-06-17',189),(190,'cstpierre59','melks59','','2020-06-16',190),(191,'vfarnill5a','bnobes5a',NULL,'2019-10-04',191),(192,'dbarnbrook5b','pjessett5b','','2020-01-22',192),(193,'deriksson5c','epink5c','','2020-03-31',193),(194,'hredington5d','acheal5d',NULL,'2019-09-17',NULL),(195,'dnel5e','elayman5e','','2019-11-04',195),(196,'fivashchenko5f','lesslement5f','','2020-03-02',NULL),(197,'agodin5g','cbranton5g',NULL,'2020-06-17',NULL),(198,'pcoxon5h','bower5h',NULL,'2020-03-23',198),(199,'pmacshirie5i','cetherington5i',NULL,'2020-05-02',199),(200,'jsemonin5j','emiddleweek5j',NULL,'2020-07-04',200),(201,'bspillane5k','pcheng5k','','2019-12-25',201),(202,'lbellini5l','ochiplen5l',NULL,'2019-11-08',202),(203,'hbutten5m','nhyndman5m',NULL,'2020-04-12',203),(204,'bloughman5n','hpickering5n',NULL,'2019-11-21',204),(205,'rruppel5o','gstovold5o',NULL,'2020-07-19',NULL),(206,'gsheran5p','mbestall5p','','2019-10-04',206),(207,'rrobertazzi5q','sneary5q',NULL,'2019-10-08',207),(208,'rzorzenoni5r','msor5r','','2020-05-19',208),(209,'ubolstridge5s','ahamprecht5s',NULL,'2020-04-17',209),(210,'wplayle5t','cmuress5t','','2019-09-16',210),(211,'eperllman5u','chalpen5u','','2019-09-17',211),(212,'awheway5v','lstepto5v','','2019-08-25',212),(213,'jsarch5w','fnodin5w','','2019-10-17',213),(214,'acarette5x','ehorsewood5x','','2020-04-29',214),(215,'nheinemann5y','gnorvel5y','','2020-01-19',215),(216,'jdepietri5z','ldykas5z',NULL,'2019-09-14',216),(217,'mcaple60','dshaxby60','','2020-01-08',217),(218,'ccansdell61','sgorvin61',NULL,'2020-04-02',NULL),(219,'gtowse62','bclemett62','','2019-12-03',219),(220,'ccaw63','akale63','','2020-03-23',220),(221,'vhitter64','rfreak64','','2020-07-24',NULL),(222,'fkirman65','gjakoub65',NULL,'2020-01-31',222),(223,'dwarbey66','kmanklow66','','2019-12-21',223),(224,'qkinchington67','mpittle67',NULL,'2020-01-24',224),(225,'hattiwill68','jdumingos68','','2020-06-22',225),(226,'dmcffaden69','mdodimead69','','2020-01-15',226),(227,'everryan6a','abignall6a','','2019-09-26',NULL),(228,'flavallie6b','tfenelow6b','','2020-01-09',228),(229,'rduesbury6c','swoodroofe6c','','2019-09-02',229),(230,'fpringle6d','smccoveney6d','','2020-04-25',NULL),(231,'gdabinett6e','orickwood6e',NULL,'2019-11-13',231),(232,'kdunbleton6f','dhulke6f',NULL,'2020-02-02',232),(233,'rcristou6g','ckeddey6g','','2019-11-03',233),(234,'hconnew6h','scamden6h','','2019-11-03',234),(235,'tteaz6i','kcrocetti6i',NULL,'2019-09-26',NULL),(236,'gayliff6j','dvanderhoog6j','','2020-02-21',236),(237,'gisard6k','tmartonfi6k','','2020-08-13',237),(238,'jdaintith6l','kfaichnie6l','','2020-03-23',238),(239,'iaitkin6m','griha6m','','2020-03-16',NULL),(240,'jjaneway6n','jwestrope6n','','2020-08-01',240),(241,'griddles6o','fashfold6o','','2020-03-17',241),(242,'ereiglar6p','fkryzhov6p','','2019-12-28',NULL),(243,'kfern6q','kmcquorkel6q',NULL,'2020-01-20',243),(244,'abonnin6r','jbreffitt6r','','2019-09-04',NULL),(245,'amathison6s','mnewbury6s','','2020-05-27',NULL),(246,'mclapperton6t','bharriday6t',NULL,'2020-07-01',246),(247,'rbyway6u','fhadlow6u','','2019-11-24',NULL),(248,'pellick6v','tsaint6v','','2019-10-28',NULL),(249,'ljacquemy6w','jstanmer6w','','2020-06-29',NULL),(250,'ssolman6x','mdurbann6x','','2020-03-26',NULL),(251,'ldreier6y','goscully6y','','2019-11-18',251),(252,'tmeyrick6z','gfero6z','','2019-12-24',252),(253,'rburr70','jbatkin70',NULL,'2019-09-28',253),(254,'cbrunsden71','twestcarr71',NULL,'2020-07-09',NULL),(255,'vmckinn72','schanders72','','2020-03-20',255),(256,'cnuccitelli73','ssamet73','','2020-03-10',256),(257,'mespinas74','cedghinn74','','2020-06-20',257),(258,'emacterrelly75','bsteptow75',NULL,'2020-01-08',258),(259,'rtidd76','cgeater76','','2020-03-30',259),(260,'slevene77','tdefreyne77','','2020-06-23',260),(261,'ghawket78','rphippard78','','2020-03-20',NULL),(262,'gcasaccia79','spiser79','','2019-12-31',262),(263,'fbatsford7a','cforgie7a',NULL,'2020-08-02',263),(264,'slaviss7b','opykerman7b','','2020-02-03',NULL),(265,'ccrebo7c','lbamber7c','','2020-03-19',265),(266,'abearham7d','dwilton7d','','2020-08-11',266),(267,'gsimner7e','ciacapucci7e','','2020-06-02',267),(268,'mfeltoe7f','gtomasicchio7f','','2020-03-17',268),(269,'kmckelvey7g','jglazyer7g',NULL,'2020-05-23',269),(270,'tleathem7h','gclyne7h','','2020-05-09',270),(271,'wkarpf7i','shutley7i','','2019-08-23',271),(272,'edooland7j','lcoste7j','','2020-01-23',NULL),(273,'bfoggo7k','tbasili7k','','2019-11-07',273),(274,'mneward7l','amctiernan7l','','2019-11-29',NULL),(275,'tlappin7m','rdarrigone7m','','2019-10-24',275),(276,'ebuessen7n','dbaudassi7n','','2020-05-21',276),(277,'aigglesden7o','sleyland7o','','2019-10-17',NULL),(278,'esarjeant7p','fguidone7p','','2020-07-30',278),(279,'mcowgill7q','rwarr7q','','2020-04-06',279),(280,'mbrayshaw7r','hleppard7r',NULL,'2020-01-22',280),(281,'cjados7s','bdjokic7s',NULL,'2020-06-05',281),(282,'fbunney7t','blampitt7t','','2020-06-22',NULL),(283,'apelosi7u','bwoodsford7u',NULL,'2019-12-26',NULL),(284,'rharsant7v','cberney7v',NULL,'2020-06-17',NULL),(285,'dhollington7w','dbour7w',NULL,'2020-02-16',285),(286,'rdacosta7x','mmcgiffin7x','','2019-12-23',NULL),(287,'rocorrin7y','ffollit7y',NULL,'2019-08-19',NULL),(288,'lbonfield7z','cjoselovitch7z',NULL,'2020-01-22',288),(289,'sforge80','mblaschek80','','2020-04-04',289),(290,'pwallicker81','aakrigg81','','2020-06-17',290),(291,'pmegson82','craun82',NULL,'2020-03-09',NULL),(292,'jmacmenamie83','cfosher83','','2019-09-06',NULL),(293,'omclaverty84','lvanbruggen84','','2019-10-26',293),(294,'mcornillot85','pdumingo85','','2019-12-11',294),(295,'rreightley86','ltonge86',NULL,'2020-05-11',295),(296,'dpantone87','pshade87','','2020-06-18',296),(297,'twinton88','trugieri88','','2020-03-14',297),(298,'econrad89','bbinton89','','2020-02-22',NULL),(299,'jlambirth8a','rhazelby8a','','2019-12-26',299),(300,'aserrier8b','lchataignier8b',NULL,'2020-07-19',300);
/*!40000 ALTER TABLE `profiles` ENABLE KEYS */;
UNLOCK TABLES;

--
-- Table structure for table `users`
--

DROP TABLE IF EXISTS `users`;
/*!40101 SET @saved_cs_client     = @@character_set_client */;
/*!40101 SET character_set_client = utf8 */;
CREATE TABLE `users` (
  `id` bigint(20) unsigned NOT NULL AUTO_INCREMENT,
  `email` varchar(120) NOT NULL,
  `phone` varchar(15) NOT NULL,
  `pass` varchar(200) NOT NULL,
  `created_at` datetime DEFAULT current_timestamp(),
  `visible_for` enum('all','frends_of_friends','friends') DEFAULT 'all',
  `can_comment` tinyint(1) DEFAULT NULL,
  `can_message` enum('all','frends_of_friends','friends') DEFAULT 'all',
  `invite_to_community` enum('all','frends_of_friends','friends') DEFAULT 'all',
  PRIMARY KEY (`id`),
  UNIQUE KEY `email` (`email`)
) ENGINE=InnoDB AUTO_INCREMENT=301 DEFAULT CHARSET=utf8;
/*!40101 SET character_set_client = @saved_cs_client */;

--
-- Dumping data for table `users`
--

LOCK TABLES `users` WRITE;
/*!40000 ALTER TABLE `users` DISABLE KEYS */;
INSERT INTO `users` VALUES (1,'drahl0@fastcompany.com','835-709-4467','ZINQKgU3qZ','2020-08-16 23:39:48','all',0,'friends','all'),(2,'nbradnick1@mlb.com','848-705-5522','MFZJZay','2020-08-16 23:39:48','friends',0,'frends_of_friends','friends'),(3,'fclutterham2@altervista.org','642-205-8688','5uyHdAA','2020-08-16 23:39:49','all',0,'friends','frends_of_friends'),(4,'bclutterham3@nationalgeographic.com','422-797-4515','KQYMj5IpE','2020-08-16 23:39:49','frends_of_friends',1,'frends_of_friends','friends'),(5,'bmcgeachey4@imgur.com','818-544-0404','8nG2fTiGyC0','2020-08-16 23:39:49','all',0,'frends_of_friends','all'),(6,'ncoffey5@microsoft.com','885-123-0180','U2jftIO8F6VB','2020-08-16 23:39:49','all',1,'all','all'),(7,'rpomfrey6@163.com','840-632-9099','IisKprHNQZ2f','2020-08-16 23:39:49','friends',0,'friends','friends'),(8,'tpennycook7@theatlantic.com','140-472-6216','2NtXss','2020-08-16 23:39:49','all',0,'all','frends_of_friends'),(9,'cbrasher8@sbwire.com','807-169-1081','5k9jKf8rPKs','2020-08-16 23:39:49','friends',1,'friends','friends'),(10,'bbettles9@ebay.co.uk','726-589-3920','YfoJF1p7seCu','2020-08-16 23:39:49','all',1,'frends_of_friends','friends'),(11,'lcraigiea@creativecommons.org','774-280-6816','sehiWl6gL2c','2020-08-16 23:39:49','friends',1,'friends','friends'),(12,'mtaylorb@miibeian.gov.cn','538-335-4992','dixHWoa3o','2020-08-16 23:39:49','all',0,'all','friends'),(13,'dpavesec@printfriendly.com','798-423-3498','lbHt1az1w0z','2020-08-16 23:39:49','all',0,'friends','all'),(14,'wbromiged@shutterfly.com','717-189-0697','7r1X7fBFe','2020-08-16 23:39:49','frends_of_friends',0,'friends','friends'),(15,'mlennone@behance.net','371-441-7139','r1J4tfPSczIC','2020-08-16 23:39:49','all',0,'frends_of_friends','frends_of_friends'),(16,'jboxhallf@google.co.uk','290-840-2473','0FtTEwAa','2020-08-16 23:39:49','friends',0,'frends_of_friends','all'),(17,'ljorgerg@hostgator.com','583-754-4545','InQDTj','2020-08-16 23:39:49','friends',1,'frends_of_friends','friends'),(18,'rkivellh@1688.com','145-383-9583','GQmcMp49m9','2020-08-16 23:39:49','friends',1,'friends','friends'),(19,'jlindwasseri@nature.com','612-539-2824','BlZNBnY','2020-08-16 23:39:49','all',1,'frends_of_friends','frends_of_friends'),(20,'selsmorj@china.com.cn','953-223-9418','36DyEGEX','2020-08-16 23:39:49','frends_of_friends',1,'all','frends_of_friends'),(21,'gglowinskik@home.pl','407-183-6328','UfKxOe','2020-08-16 23:39:50','all',1,'friends','all'),(22,'fbyrdel@ovh.net','469-948-9326','JsiPUmVYKXB','2020-08-16 23:39:50','all',1,'all','frends_of_friends'),(23,'zellism@weibo.com','103-211-0024','efkr7uyLJioU','2020-08-16 23:39:50','frends_of_friends',1,'frends_of_friends','all'),(24,'bwhitchurchn@angelfire.com','738-125-1318','p808uH','2020-08-16 23:39:50','friends',1,'all','friends'),(25,'ahaffordo@webnode.com','740-470-2309','TI7qexgHa','2020-08-16 23:39:50','friends',0,'frends_of_friends','friends'),(26,'mtreadawayp@kickstarter.com','729-534-8906','yqtNuDbb','2020-08-16 23:39:50','frends_of_friends',0,'all','frends_of_friends'),(27,'hvayroq@geocities.com','604-499-6976','BenVCuYL8t','2020-08-16 23:39:50','frends_of_friends',1,'friends','friends'),(28,'hdeluciar@shareasale.com','582-536-3983','TGwjne','2020-08-16 23:39:50','all',1,'friends','frends_of_friends'),(29,'pitzaks@spotify.com','401-623-9938','6pPdx7j','2020-08-16 23:39:50','all',1,'all','friends'),(30,'jemort@xinhuanet.com','870-394-5276','tSZCM6NLpQy','2020-08-16 23:39:50','friends',0,'friends','friends'),(31,'rantoniuttiu@aboutads.info','152-916-0614','2jv5WwhRE8','2020-08-16 23:39:50','friends',0,'frends_of_friends','friends'),(32,'ltallowinv@vistaprint.com','240-317-9599','zviuwdK','2020-08-16 23:39:50','all',1,'frends_of_friends','frends_of_friends'),(33,'lbristonw@bluehost.com','782-365-3383','h4AA52a19','2020-08-16 23:39:50','all',1,'frends_of_friends','friends'),(34,'rrathbournex@cnet.com','306-625-7948','n0gpz06O','2020-08-16 23:39:50','friends',1,'frends_of_friends','all'),(35,'kmoniniy@toplist.cz','530-222-8577','NziaaOPYx','2020-08-16 23:39:50','frends_of_friends',1,'all','frends_of_friends'),(36,'vetridgez@google.ca','806-819-3538','N8TqXi','2020-08-16 23:39:50','all',0,'frends_of_friends','frends_of_friends'),(37,'saurelius10@msn.com','662-971-3592','04myLeD1GWvy','2020-08-16 23:39:50','frends_of_friends',1,'frends_of_friends','frends_of_friends'),(38,'dlucio11@vinaora.com','703-179-9890','BEQneE','2020-08-16 23:39:50','all',0,'all','friends'),(39,'kbortolozzi12@php.net','803-267-4468','Y4Nr3mDpmN','2020-08-16 23:39:50','frends_of_friends',0,'frends_of_friends','frends_of_friends'),(40,'tmccuffie13@chicagotribune.com','210-479-6262','gB5thpEwYNn','2020-08-16 23:39:50','all',0,'frends_of_friends','frends_of_friends'),(41,'mosheeryne14@arizona.edu','351-157-9930','WYAeEIJm','2020-08-16 23:39:50','all',0,'frends_of_friends','frends_of_friends'),(42,'hspurden15@4shared.com','678-769-6129','k9nmZKwIV','2020-08-16 23:39:50','friends',1,'friends','all'),(43,'lpochet16@cnn.com','334-673-0265','ce3djuUZfind','2020-08-16 23:39:50','all',1,'frends_of_friends','friends'),(44,'crevitt17@reuters.com','751-917-4126','E6L2pp62','2020-08-16 23:39:50','all',1,'frends_of_friends','frends_of_friends'),(45,'sstoite18@merriam-webster.com','896-377-0490','ygffRJrGAqqb','2020-08-16 23:39:50','frends_of_friends',0,'frends_of_friends','frends_of_friends'),(46,'dscutchin19@aboutads.info','837-663-0959','E5mnpUDTt','2020-08-16 23:39:50','all',0,'friends','all'),(47,'lbaldick1a@bizjournals.com','102-119-1109','X1rAKrLE','2020-08-16 23:39:50','frends_of_friends',0,'friends','friends'),(48,'mball1b@scribd.com','730-233-1419','HVdAuPY','2020-08-16 23:39:50','frends_of_friends',1,'all','frends_of_friends'),(49,'kgrisedale1c@php.net','938-646-0642','z7wtv2X','2020-08-16 23:39:50','friends',1,'all','frends_of_friends'),(50,'snabbs1d@google.com','786-180-6952','niDOxQN58t','2020-08-16 23:39:50','friends',1,'all','all'),(51,'ajinkinson1e@prweb.com','745-674-4357','Vfkqsn5UtsG','2020-08-16 23:39:50','frends_of_friends',1,'friends','all'),(52,'elevecque1f@friendfeed.com','298-875-2747','RBRiUEV','2020-08-16 23:39:50','all',1,'frends_of_friends','frends_of_friends'),(53,'jmaffy1g@wired.com','366-172-2220','FzsAVKf9l','2020-08-16 23:39:50','all',1,'all','frends_of_friends'),(54,'swoolveridge1h@google.cn','482-493-6733','gsMVLy2b','2020-08-16 23:39:50','all',1,'all','friends'),(55,'gdunrige1i@nhs.uk','572-770-9135','dPEXJmW7bRnm','2020-08-16 23:39:50','friends',0,'all','friends'),(56,'ggoodwin1j@reddit.com','916-753-8006','U3ZyZJFihCL','2020-08-16 23:39:50','frends_of_friends',0,'frends_of_friends','frends_of_friends'),(57,'ekinkade1k@tiny.cc','413-549-4416','iDd44Nh','2020-08-16 23:39:50','friends',1,'all','friends'),(58,'llitchfield1l@youku.com','612-991-1427','mVWJ4oogV0','2020-08-16 23:39:50','friends',1,'frends_of_friends','frends_of_friends'),(59,'dlea1m@so-net.ne.jp','766-996-5622','W30byIzH6HI','2020-08-16 23:39:51','all',1,'friends','all'),(60,'wdaens1n@xing.com','210-697-2511','2XMMiiu','2020-08-16 23:39:51','frends_of_friends',1,'friends','all'),(61,'nkelland1o@squidoo.com','344-130-4708','WedoLCIc','2020-08-16 23:39:51','friends',0,'all','frends_of_friends'),(62,'mgiovannini1p@usatoday.com','467-388-3252','vaylJP2Ceh','2020-08-16 23:39:51','all',0,'friends','frends_of_friends'),(63,'bmullane1q@goo.gl','292-237-4198','omSzj1','2020-08-16 23:39:51','friends',0,'all','frends_of_friends'),(64,'frizzello1r@theatlantic.com','592-146-1723','Ru6H6VKw','2020-08-16 23:39:51','friends',0,'frends_of_friends','all'),(65,'bkirkup1s@squidoo.com','655-972-9023','73x72nQXql','2020-08-16 23:39:51','all',0,'frends_of_friends','frends_of_friends'),(66,'amaultby1t@google.co.uk','456-114-3381','Zl5rOW23j2','2020-08-16 23:39:51','friends',0,'friends','friends'),(67,'hfrewer1u@shutterfly.com','667-988-6930','EDCMgis','2020-08-16 23:39:51','friends',1,'frends_of_friends','all'),(68,'jmartygin1v@homestead.com','477-651-7458','nyrDX98o','2020-08-16 23:39:51','friends',1,'frends_of_friends','all'),(69,'aiacomi1w@businessinsider.com','626-734-6270','Np6WDLS1','2020-08-16 23:39:51','all',0,'frends_of_friends','all'),(70,'cdonnison1x@yellowpages.com','945-984-0620','oOWc4pZS2UZ','2020-08-16 23:39:51','frends_of_friends',0,'all','friends'),(71,'rgenthner1y@delicious.com','356-835-8178','ETWnvegalPdU','2020-08-16 23:39:51','all',0,'friends','all'),(72,'lalf1z@redcross.org','473-263-0103','eKIZCeDj','2020-08-16 23:39:51','frends_of_friends',1,'all','friends'),(73,'tjamieson20@tamu.edu','499-218-6063','e6lZIZ','2020-08-16 23:39:51','friends',1,'all','frends_of_friends'),(74,'tboynton21@indiegogo.com','225-541-4542','MoAudrH','2020-08-16 23:39:51','friends',0,'frends_of_friends','friends'),(75,'jficken22@uiuc.edu','990-429-5441','CkaLJxRXiYtx','2020-08-16 23:39:51','frends_of_friends',1,'frends_of_friends','frends_of_friends'),(76,'karnholdt23@ca.gov','611-706-9657','oBvnC8','2020-08-16 23:39:51','all',0,'all','frends_of_friends'),(77,'gdufray24@boston.com','116-788-4101','3Vi5VyheU','2020-08-16 23:39:51','friends',1,'all','frends_of_friends'),(78,'plibri25@ucsd.edu','570-802-8540','A5pJjawgs0yY','2020-08-16 23:39:51','all',0,'frends_of_friends','frends_of_friends'),(79,'rratter26@admin.ch','218-722-6379','vtSR7k04','2020-08-16 23:39:51','all',0,'friends','friends'),(80,'tgarrigan27@phoca.cz','702-973-5135','8HHqBf4vZb1k','2020-08-16 23:39:51','frends_of_friends',0,'all','friends'),(81,'cdrinan28@npr.org','659-543-6806','O7Zl62','2020-08-16 23:39:51','all',0,'frends_of_friends','all'),(82,'ctarling29@github.com','373-281-4616','S3E1pUqm0','2020-08-16 23:39:51','all',1,'frends_of_friends','frends_of_friends'),(83,'hcaddick2a@desdev.cn','625-203-1337','kGwd8vR','2020-08-16 23:39:51','frends_of_friends',0,'all','frends_of_friends'),(84,'tmesser2b@reference.com','591-711-9847','txM2ZujVdBT1','2020-08-16 23:39:51','friends',1,'all','friends'),(85,'fgoulding2c@si.edu','291-281-6761','3Q01UzY','2020-08-16 23:39:51','all',1,'friends','friends'),(86,'gcorner2d@scientificamerican.com','747-196-8117','8JvNZb','2020-08-16 23:39:51','frends_of_friends',1,'frends_of_friends','all'),(87,'tmews2e@ox.ac.uk','628-538-7079','ZxR7AWsSz','2020-08-16 23:39:51','all',0,'frends_of_friends','frends_of_friends'),(88,'ccuberley2f@sbwire.com','670-816-7663','Wfpb30l0D','2020-08-16 23:39:51','all',0,'all','frends_of_friends'),(89,'rmongenot2g@ca.gov','926-767-3975','gNZTCIW3HL9w','2020-08-16 23:39:51','friends',1,'all','frends_of_friends'),(90,'bscrimgeour2h@hc360.com','480-657-1875','yiyokklksgLM','2020-08-16 23:39:51','frends_of_friends',1,'frends_of_friends','friends'),(91,'vhatto2i@cbslocal.com','184-638-9905','z1DKe9KP','2020-08-16 23:39:51','friends',0,'frends_of_friends','frends_of_friends'),(92,'hlumpkin2j@google.ru','463-486-8637','InAe0Ts','2020-08-16 23:39:51','all',0,'frends_of_friends','friends'),(93,'spollins2k@rediff.com','741-169-0029','ahTI6hRD6w5Z','2020-08-16 23:39:51','friends',0,'friends','all'),(94,'acheales2l@sohu.com','487-306-1472','kMq3ALX8DAj','2020-08-16 23:39:51','frends_of_friends',1,'all','frends_of_friends'),(95,'omourgue2m@dion.ne.jp','893-461-9199','xd4zcDx','2020-08-16 23:39:51','all',0,'all','friends'),(96,'tguillot2n@cargocollective.com','733-652-3407','9Fdt26r82ws','2020-08-16 23:39:51','all',0,'frends_of_friends','frends_of_friends'),(97,'alynthal2o@hhs.gov','718-657-7486','DqJ0xqt3HFHg','2020-08-16 23:39:51','all',1,'frends_of_friends','all'),(98,'llytlle2p@arizona.edu','205-312-3505','emksNS','2020-08-16 23:39:51','frends_of_friends',0,'all','all'),(99,'gcurragh2q@squidoo.com','348-273-2269','00IH6iEcUq','2020-08-16 23:39:52','friends',0,'frends_of_friends','frends_of_friends'),(100,'fwarrilow2r@hibu.com','223-844-6655','O3U7fnEjcx','2020-08-16 23:39:52','friends',0,'frends_of_friends','frends_of_friends'),(101,'sbobasch2s@aboutads.info','164-613-3484','b46BxNc','2020-08-16 23:39:52','friends',1,'frends_of_friends','friends'),(102,'xions2t@flavors.me','369-122-8136','oS9SD6U','2020-08-16 23:39:52','friends',1,'friends','all'),(103,'pwinchcum2u@samsung.com','760-529-2485','NptOEM2o','2020-08-16 23:39:52','all',0,'all','frends_of_friends'),(104,'dmahody2v@smugmug.com','441-389-8088','teqP5TEJWZ','2020-08-16 23:39:52','frends_of_friends',0,'frends_of_friends','friends'),(105,'djobbins2w@loc.gov','446-782-7195','11jgKROYUXr','2020-08-16 23:39:52','frends_of_friends',0,'all','all'),(106,'ntonner2x@woothemes.com','394-596-7235','5u5XOzTTX0oV','2020-08-16 23:39:52','frends_of_friends',0,'frends_of_friends','frends_of_friends'),(107,'mdummett2y@rediff.com','231-967-7060','Tedu8j5','2020-08-16 23:39:52','all',1,'friends','all'),(108,'lgouldstraw2z@squarespace.com','211-630-8317','TmhoFq1JFV','2020-08-16 23:39:52','frends_of_friends',0,'all','frends_of_friends'),(109,'kbaszniak30@epa.gov','591-168-7794','MA4RHFM2aLF','2020-08-16 23:39:52','friends',1,'friends','all'),(110,'ehellsdon31@harvard.edu','857-438-0555','OaytBD','2020-08-16 23:39:52','all',1,'frends_of_friends','frends_of_friends'),(111,'drobertazzi32@jiathis.com','381-598-2312','PVRT0JqVE','2020-08-16 23:39:52','frends_of_friends',1,'friends','frends_of_friends'),(112,'jockwell33@dailymail.co.uk','482-550-2480','hz9COx0n','2020-08-16 23:39:52','friends',0,'all','frends_of_friends'),(113,'troseman34@indiegogo.com','136-580-7528','6VuYdqD','2020-08-16 23:39:52','frends_of_friends',1,'frends_of_friends','frends_of_friends'),(114,'lbritzius35@ted.com','557-101-9516','vj1nEMpDsx','2020-08-16 23:39:52','friends',1,'all','frends_of_friends'),(115,'owildber36@shareasale.com','460-109-8459','iYfhmF384L','2020-08-16 23:39:52','frends_of_friends',1,'frends_of_friends','friends'),(116,'lpurcell37@gravatar.com','836-137-3144','qNy08u8NF','2020-08-16 23:39:52','frends_of_friends',0,'friends','frends_of_friends'),(117,'waish38@pcworld.com','816-739-6354','e24hVXkxu','2020-08-16 23:39:52','friends',0,'all','friends'),(118,'tmorcomb39@si.edu','121-656-2141','D2raClJxYgl','2020-08-16 23:39:52','all',0,'friends','friends'),(119,'acockton3a@nbcnews.com','537-356-8223','z15lx8JQu35','2020-08-16 23:39:52','friends',1,'frends_of_friends','all'),(120,'latyeo3b@washingtonpost.com','230-653-7488','BLOb6I','2020-08-16 23:39:52','friends',1,'friends','frends_of_friends'),(121,'vsurman3c@alexa.com','232-632-7313','dOSGS4Gji','2020-08-16 23:39:52','frends_of_friends',0,'friends','all'),(122,'bbaike3d@qq.com','604-526-4764','euryPM','2020-08-16 23:39:52','frends_of_friends',1,'friends','all'),(123,'sheustice3e@oaic.gov.au','468-211-1672','kF7gMx','2020-08-16 23:39:52','friends',1,'friends','frends_of_friends'),(124,'amiddlewick3f@theglobeandmail.com','637-823-3983','XQhyDG','2020-08-16 23:39:52','frends_of_friends',1,'frends_of_friends','friends'),(125,'kruddock3g@nbcnews.com','672-828-5891','RXnjE2rGJ','2020-08-16 23:39:52','all',1,'friends','frends_of_friends'),(126,'lknoller3h@seattletimes.com','233-519-8587','cKMpW2gSWm','2020-08-16 23:39:52','frends_of_friends',1,'all','frends_of_friends'),(127,'pmadgwick3i@privacy.gov.au','653-770-8893','hUeCP5kOVjN','2020-08-16 23:39:52','frends_of_friends',0,'frends_of_friends','frends_of_friends'),(128,'habys3j@feedburner.com','733-374-3994','TFWtmLFBMUH','2020-08-16 23:39:52','friends',0,'all','all'),(129,'lmcarthur3k@state.gov','576-879-1356','10evv4O','2020-08-16 23:39:52','friends',1,'friends','all'),(130,'jgianiello3l@weather.com','342-542-3777','gOPAg8sDwuf7','2020-08-16 23:39:52','all',1,'frends_of_friends','frends_of_friends'),(131,'draeside3m@woothemes.com','374-564-5803','PSQwF58','2020-08-16 23:39:52','frends_of_friends',0,'all','frends_of_friends'),(132,'lcoggin3n@gov.uk','781-907-5442','xr0SpHFWes','2020-08-16 23:39:52','friends',0,'all','friends'),(133,'mgolley3o@mozilla.org','900-797-4105','jY2qO6JkzQK','2020-08-16 23:39:52','friends',1,'frends_of_friends','all'),(134,'cmarlen3p@accuweather.com','469-234-7310','gTUpA6zA','2020-08-16 23:39:52','frends_of_friends',1,'frends_of_friends','frends_of_friends'),(135,'ewinfred3q@mediafire.com','984-735-7711','u6ZRCYmC2','2020-08-16 23:39:52','friends',1,'all','friends'),(136,'gescalante3r@ucla.edu','243-210-9600','IStdd5UdB','2020-08-16 23:39:52','frends_of_friends',1,'frends_of_friends','friends'),(137,'vplumtree3s@microsoft.com','514-726-3369','xOvMZrwlRAB','2020-08-16 23:39:52','frends_of_friends',1,'all','frends_of_friends'),(138,'rbarwick3t@webs.com','468-497-3053','3snAotV','2020-08-16 23:39:52','frends_of_friends',0,'frends_of_friends','frends_of_friends'),(139,'mimesson3u@rambler.ru','824-551-7928','aHwtoWGNp4Y','2020-08-16 23:39:52','all',1,'friends','all'),(140,'rdellatorre3v@ihg.com','533-106-2641','Wm32b7TiQVA','2020-08-16 23:39:52','frends_of_friends',1,'all','all'),(141,'amessier3w@dot.gov','146-521-2289','aBzkucCyX','2020-08-16 23:39:53','all',1,'friends','all'),(142,'nabbes3x@auda.org.au','871-856-0812','mARUF4To','2020-08-16 23:39:53','frends_of_friends',0,'frends_of_friends','friends'),(143,'abaudic3y@flickr.com','265-190-6189','DnlJJ8rxHD','2020-08-16 23:39:53','frends_of_friends',1,'friends','frends_of_friends'),(144,'pgokes3z@issuu.com','879-619-5618','RoeBK8wT','2020-08-16 23:39:53','friends',1,'friends','all'),(145,'gbendon40@gizmodo.com','464-894-4887','AlZcIMZ','2020-08-16 23:39:53','friends',0,'frends_of_friends','friends'),(146,'schadbourn41@123-reg.co.uk','688-889-8126','Qg2FWoGTgX','2020-08-16 23:39:53','all',1,'all','all'),(147,'kgilbard42@bandcamp.com','821-166-7200','wSo1ESPP','2020-08-16 23:39:53','friends',1,'frends_of_friends','frends_of_friends'),(148,'sdarker43@skype.com','497-917-8433','zR9m8f','2020-08-16 23:39:53','all',0,'friends','all'),(149,'hlehemann44@sakura.ne.jp','171-832-4008','E7aeKzvUOEqG','2020-08-16 23:39:53','frends_of_friends',1,'friends','all'),(150,'imatovic45@gizmodo.com','722-525-2174','mIMIEdq1C','2020-08-16 23:39:53','all',1,'frends_of_friends','frends_of_friends'),(151,'longe46@woothemes.com','284-483-4992','uXXXBKaZSF5','2020-08-16 23:39:53','frends_of_friends',0,'all','friends'),(152,'msiemons47@vistaprint.com','460-486-3598','qxOhBztL','2020-08-16 23:39:53','all',0,'friends','frends_of_friends'),(153,'junsworth48@geocities.jp','138-385-4026','VL92HwFmPhn','2020-08-16 23:39:53','frends_of_friends',0,'all','all'),(154,'rmachen49@live.com','314-215-1287','pDw8dbj','2020-08-16 23:39:53','frends_of_friends',0,'all','friends'),(155,'hkaliszewski4a@nps.gov','448-222-5810','0lGApIB','2020-08-16 23:39:53','all',0,'frends_of_friends','friends'),(156,'aquiney4b@ucsd.edu','736-771-9601','kIqcqKXm3a','2020-08-16 23:39:53','frends_of_friends',1,'all','all'),(157,'mhaycroft4c@princeton.edu','444-334-0173','qLjcXlT4w','2020-08-16 23:39:53','frends_of_friends',1,'friends','all'),(158,'ekonneke4d@amazonaws.com','303-817-5820','Tcdkd08l','2020-08-16 23:39:53','friends',0,'frends_of_friends','all'),(159,'wdovidaitis4e@wsj.com','859-491-2400','TMAyluCgwd','2020-08-16 23:39:53','all',1,'all','frends_of_friends'),(160,'fschuricke4f@chron.com','597-616-7287','U9K33olGutH8','2020-08-16 23:39:53','all',1,'all','all'),(161,'sjodlowski4g@usda.gov','472-737-6029','ItxcgCA7g2','2020-08-16 23:39:53','all',1,'all','all'),(162,'khaggus4h@blogspot.com','807-422-0709','cgMkehwtMrpw','2020-08-16 23:39:53','all',0,'all','friends'),(163,'kdarrington4i@forbes.com','573-750-3477','OdE5Pj','2020-08-16 23:39:53','all',0,'frends_of_friends','all'),(164,'ujarrell4j@google.com.hk','484-836-6533','FqczaYHUW','2020-08-16 23:39:53','frends_of_friends',1,'friends','all'),(165,'dbeurich4k@bizjournals.com','937-688-0947','5AICte0fQLG','2020-08-16 23:39:53','frends_of_friends',1,'all','frends_of_friends'),(166,'ibramford4l@wix.com','692-757-8282','HBy6KgqnCvV','2020-08-16 23:39:53','frends_of_friends',0,'friends','all'),(167,'flaugier4m@theguardian.com','788-985-7115','WP8urWCJkYI','2020-08-16 23:39:53','friends',1,'friends','frends_of_friends'),(168,'mmaden4n@wix.com','683-264-2164','W88XhrvK','2020-08-16 23:39:53','all',0,'frends_of_friends','friends'),(169,'tmarland4o@cocolog-nifty.com','133-775-4959','E3ajtu6Ohlqu','2020-08-16 23:39:53','frends_of_friends',1,'friends','friends'),(170,'cconningham4p@example.com','486-310-5739','ncD0QcRc','2020-08-16 23:39:53','frends_of_friends',1,'frends_of_friends','friends'),(171,'kmocquer4q@imdb.com','637-188-4999','BMN7skEGv','2020-08-16 23:39:53','frends_of_friends',0,'frends_of_friends','all'),(172,'gbyrth4r@unicef.org','196-763-3842','sHDohyzpO4oU','2020-08-16 23:39:53','friends',0,'all','all'),(173,'mmawer4s@tuttocitta.it','328-111-6765','O2yiDP','2020-08-16 23:39:53','all',1,'all','friends'),(174,'dshipley4t@friendfeed.com','202-583-8326','UtyM7LXGc0Ld','2020-08-16 23:39:53','all',0,'all','all'),(175,'rhanney4u@imageshack.us','725-300-7813','84Wleh','2020-08-16 23:39:53','frends_of_friends',0,'frends_of_friends','all'),(176,'mbloss4v@netlog.com','948-215-8785','UL9wMG9Y2','2020-08-16 23:39:53','all',1,'all','frends_of_friends'),(177,'lleupoldt4w@com.com','360-893-5839','UFXR9n7a','2020-08-16 23:39:53','all',0,'all','all'),(178,'kleeder4x@auda.org.au','233-148-6020','HMPU7MvAYnN','2020-08-16 23:39:53','all',1,'all','all'),(179,'amolder4y@scientificamerican.com','933-130-2316','9CJ7Vo9qC','2020-08-16 23:39:53','friends',1,'friends','friends'),(180,'hniess4z@nymag.com','127-663-3659','UoLr9qdXD','2020-08-16 23:39:53','all',1,'all','friends'),(181,'pcowpland50@posterous.com','177-551-7110','gqKrFz','2020-08-16 23:39:53','all',1,'friends','friends'),(182,'dkillford51@auda.org.au','512-768-4935','EG4wfiZm','2020-08-16 23:39:53','all',1,'all','frends_of_friends'),(183,'lhanbridge52@smugmug.com','714-603-6279','QLZ6NmXx','2020-08-16 23:39:54','frends_of_friends',1,'frends_of_friends','all'),(184,'jstangoe53@ca.gov','331-174-4831','MF5Ep1','2020-08-16 23:39:54','friends',1,'frends_of_friends','friends'),(185,'mrigate54@yellowpages.com','398-304-0585','ZedLDK','2020-08-16 23:39:54','all',0,'friends','friends'),(186,'acorner55@hud.gov','840-386-6287','PnXdM8M','2020-08-16 23:39:54','frends_of_friends',0,'friends','frends_of_friends'),(187,'kwinterbourne56@friendfeed.com','497-237-3734','e1Y1aCH','2020-08-16 23:39:54','friends',0,'frends_of_friends','friends'),(188,'chuonic57@buzzfeed.com','102-794-1644','o6knzN','2020-08-16 23:39:54','all',0,'all','all'),(189,'kpaulino58@e-recht24.de','998-713-9137','NWqy1XlDK','2020-08-16 23:39:54','all',0,'all','all'),(190,'mlittleton59@ehow.com','737-128-4303','VBAZnrHvKAJv','2020-08-16 23:39:54','all',1,'friends','frends_of_friends'),(191,'kneenan5a@nhs.uk','606-254-6603','xPNc15rz','2020-08-16 23:39:54','frends_of_friends',1,'all','all'),(192,'ljeffery5b@icq.com','915-918-6037','wVjL0Mxae','2020-08-16 23:39:54','friends',0,'frends_of_friends','all'),(193,'mdeaville5c@harvard.edu','789-215-6865','zJ5Pc8JK','2020-08-16 23:39:54','friends',0,'friends','all'),(194,'cjohnys5d@oakley.com','822-760-1052','wGdAAH93NKq','2020-08-16 23:39:54','all',1,'friends','all'),(195,'jgehricke5e@mozilla.com','290-353-3382','K1Bh93T46UcZ','2020-08-16 23:39:54','frends_of_friends',0,'friends','friends'),(196,'ndenys5f@bluehost.com','161-846-8346','4a1kx1z1','2020-08-16 23:39:54','frends_of_friends',0,'frends_of_friends','all'),(197,'lroostan5g@t.co','650-643-9317','xaFE8UxRSqQ','2020-08-16 23:39:54','friends',0,'all','frends_of_friends'),(198,'rribbens5h@wunderground.com','936-981-3918','IBd3D1','2020-08-16 23:39:54','all',0,'all','friends'),(199,'jbrimble5i@vinaora.com','999-685-0233','PkAJabRUX','2020-08-16 23:39:54','all',0,'friends','frends_of_friends'),(200,'bdavidde5j@nasa.gov','127-246-7212','xINQjxY','2020-08-16 23:39:54','all',1,'all','frends_of_friends'),(201,'mswinnerton5k@woothemes.com','122-818-6122','mBumD7jT','2020-08-16 23:39:54','frends_of_friends',0,'frends_of_friends','all'),(202,'gsaywell5l@sohu.com','564-355-3891','h8QmAr5a','2020-08-16 23:39:54','friends',1,'friends','all'),(203,'aperazzo5m@unesco.org','324-838-2726','RJ3bWJ0r9So','2020-08-16 23:39:54','all',1,'all','all'),(204,'lmcgrae5n@icio.us','440-156-7694','yNM7SLzp','2020-08-16 23:39:54','friends',1,'friends','all'),(205,'mdarbishire5o@jugem.jp','849-795-4303','9RSr59s','2020-08-16 23:39:54','friends',1,'frends_of_friends','friends'),(206,'ecreavan5p@sohu.com','262-938-8344','E0o00hvJ','2020-08-16 23:39:54','frends_of_friends',1,'frends_of_friends','frends_of_friends'),(207,'hdumbrall5q@comcast.net','278-625-3815','XxBqZC3Ty','2020-08-16 23:39:54','all',0,'friends','all'),(208,'gtomini5r@ox.ac.uk','794-273-6050','bPka2VaDT5QU','2020-08-16 23:39:54','friends',0,'friends','frends_of_friends'),(209,'lfurmedge5s@sakura.ne.jp','825-465-9308','3WbogIg1GUiy','2020-08-16 23:39:54','friends',0,'frends_of_friends','all'),(210,'eeldred5t@addthis.com','396-283-4747','JotV6jDCFUWP','2020-08-16 23:39:54','friends',1,'all','frends_of_friends'),(211,'tthomasset5u@reference.com','878-152-3827','xBIaPCJeNmJ','2020-08-16 23:39:54','friends',1,'friends','friends'),(212,'challowes5v@guardian.co.uk','879-438-3047','jl3axe','2020-08-16 23:39:54','all',1,'friends','frends_of_friends'),(213,'jtorricina5w@businessweek.com','562-414-2002','lZ7trP3Qs','2020-08-16 23:39:54','friends',1,'all','all'),(214,'cmcvittie5x@multiply.com','149-842-8712','exqURuSahUy','2020-08-16 23:39:54','all',1,'friends','all'),(215,'jvlasov5y@mozilla.org','105-776-6545','7xHW0eUGfQ','2020-08-16 23:39:54','friends',1,'all','frends_of_friends'),(216,'bsmissen5z@timesonline.co.uk','367-799-4493','Z4jhIhAn2P','2020-08-16 23:39:54','frends_of_friends',1,'frends_of_friends','friends'),(217,'cprendergrass60@oracle.com','567-528-4785','CW7eDkRGNNCN','2020-08-16 23:39:54','all',0,'friends','friends'),(218,'bchalcot61@unblog.fr','810-408-1910','KGME5Ri4Y6','2020-08-16 23:39:54','all',0,'friends','all'),(219,'rtrevain62@chronoengine.com','829-251-0167','lx1vpEZgWx8','2020-08-16 23:39:54','friends',0,'all','frends_of_friends'),(220,'porred63@bloglovin.com','877-647-3972','BRWegpsE','2020-08-16 23:39:54','frends_of_friends',0,'friends','all'),(221,'leefting64@cam.ac.uk','777-935-5090','7HnOmhiL','2020-08-16 23:39:54','frends_of_friends',0,'frends_of_friends','friends'),(222,'edangerfield65@ocn.ne.jp','365-898-4438','nmZ8iB','2020-08-16 23:39:55','all',1,'all','all'),(223,'idaulby66@freewebs.com','241-682-2853','dCddA1XGL','2020-08-16 23:39:55','all',0,'friends','frends_of_friends'),(224,'lbramer67@wix.com','779-397-5934','REdUHaTivzfH','2020-08-16 23:39:55','frends_of_friends',0,'friends','friends'),(225,'mloakes68@usa.gov','835-484-2543','PeocWiAM1','2020-08-16 23:39:55','frends_of_friends',1,'friends','frends_of_friends'),(226,'pmacdearmaid69@earthlink.net','300-234-3866','7wNJDo9dw','2020-08-16 23:39:55','friends',0,'frends_of_friends','all'),(227,'gsawers6a@bravesites.com','659-728-6461','T2W0OC','2020-08-16 23:39:55','friends',0,'all','all'),(228,'blaye6b@mail.ru','787-395-5110','07eSVwI3','2020-08-16 23:39:55','frends_of_friends',1,'frends_of_friends','friends'),(229,'dmessier6c@vistaprint.com','577-225-7575','JIM6jlkA7SfM','2020-08-16 23:39:55','all',1,'friends','all'),(230,'milyenko6d@yelp.com','869-365-1697','GOrxLudzKY3','2020-08-16 23:39:55','all',1,'friends','all'),(231,'gkinnett6e@ycombinator.com','868-712-8037','fSf0Wl5DwgEO','2020-08-16 23:39:55','all',1,'frends_of_friends','frends_of_friends'),(232,'mfreckleton6f@multiply.com','709-858-5001','BCZHuSib','2020-08-16 23:39:55','friends',1,'friends','frends_of_friends'),(233,'tperin6g@chron.com','294-476-8346','rIl6BNuGBG','2020-08-16 23:39:55','frends_of_friends',1,'frends_of_friends','frends_of_friends'),(234,'swilmington6h@webmd.com','637-845-3638','FtwNUBl','2020-08-16 23:39:55','all',1,'friends','frends_of_friends'),(235,'pwillson6i@smh.com.au','568-840-8153','DtHRSPZfp','2020-08-16 23:39:55','friends',0,'frends_of_friends','all'),(236,'pdiffley6j@gnu.org','816-351-1561','xp7Hlh6','2020-08-16 23:39:55','frends_of_friends',0,'all','friends'),(237,'bduchan6k@mlb.com','666-925-8120','QfTzUJ','2020-08-16 23:39:55','frends_of_friends',0,'frends_of_friends','all'),(238,'bkerss6l@amazon.co.jp','506-693-4720','J8eqCudkRpv7','2020-08-16 23:39:55','all',1,'friends','all'),(239,'ssimone6m@netlog.com','836-810-2986','inoIFra5RcIf','2020-08-16 23:39:55','all',0,'frends_of_friends','all'),(240,'giddenden6n@businessweek.com','373-491-9484','q0TFepR','2020-08-16 23:39:55','friends',1,'friends','all'),(241,'kokuddyhy6o@mtv.com','491-881-9864','UdoWqdtQY4','2020-08-16 23:39:55','friends',1,'friends','friends'),(242,'switherby6p@imageshack.us','584-196-7884','Tgrk79Gmt','2020-08-16 23:39:55','all',0,'all','friends'),(243,'loglevie6q@infoseek.co.jp','970-481-9385','fGwNeXI','2020-08-16 23:39:55','all',1,'friends','friends'),(244,'jbainbrigge6r@mlb.com','186-158-7014','n2wfIBRUlekC','2020-08-16 23:39:55','all',1,'friends','frends_of_friends'),(245,'nlilleyman6s@wufoo.com','415-996-4496','4onQl1TD','2020-08-16 23:39:55','friends',1,'frends_of_friends','all'),(246,'lupjohn6t@phpbb.com','209-963-3666','3MJcqNkJMR','2020-08-16 23:39:55','friends',0,'frends_of_friends','friends'),(247,'mbolton6u@blog.com','134-752-4776','L9Eb3Oig7lQn','2020-08-16 23:39:55','all',0,'friends','all'),(248,'jvautin6v@vinaora.com','860-660-3385','3rqIdm6','2020-08-16 23:39:55','all',0,'friends','friends'),(249,'vcrummie6w@seesaa.net','453-276-2912','f3jxlED','2020-08-16 23:39:55','frends_of_friends',0,'all','all'),(250,'estoak6x@yellowbook.com','173-949-9762','9xgcqdrL','2020-08-16 23:39:55','all',0,'friends','friends'),(251,'kbackshaw6y@seesaa.net','317-934-4988','F6ElNb5bQDHr','2020-08-16 23:39:55','frends_of_friends',1,'frends_of_friends','frends_of_friends'),(252,'nreinbeck6z@nhs.uk','721-659-8617','xi31x3h','2020-08-16 23:39:55','friends',0,'all','friends'),(253,'dmolineaux70@theatlantic.com','641-375-2659','iFtjtcLHl96','2020-08-16 23:39:55','frends_of_friends',0,'all','friends'),(254,'ngudgeon71@topsy.com','918-359-7805','K5hndAYvDDV','2020-08-16 23:39:55','frends_of_friends',1,'frends_of_friends','all'),(255,'erodrig72@ifeng.com','401-763-0711','R9wxQG','2020-08-16 23:39:55','frends_of_friends',1,'frends_of_friends','all'),(256,'eadess73@wordpress.org','148-474-4203','JEIAwfL','2020-08-16 23:39:55','all',1,'frends_of_friends','frends_of_friends'),(257,'dcraigs74@chron.com','681-847-3367','zv7BIzEst','2020-08-16 23:39:55','frends_of_friends',1,'friends','friends'),(258,'kshirrell75@marketwatch.com','644-342-9704','1NWa37','2020-08-16 23:39:55','friends',1,'friends','all'),(259,'ceady76@ftc.gov','263-295-0529','AwBvwuCts9d','2020-08-16 23:39:55','friends',1,'frends_of_friends','all'),(260,'dpetren77@google.de','996-601-2441','p5PxPRy','2020-08-16 23:39:55','friends',1,'all','all'),(261,'lrames78@youtu.be','161-224-0862','BgOZr8F','2020-08-16 23:39:55','all',1,'frends_of_friends','frends_of_friends'),(262,'sends79@shop-pro.jp','570-681-5537','YhTk7dk','2020-08-16 23:39:56','friends',0,'friends','all'),(263,'yleatherbarrow7a@rediff.com','508-518-0004','brh7kmRk','2020-08-16 23:39:56','frends_of_friends',1,'friends','friends'),(264,'jbiermatowicz7b@spotify.com','770-775-7325','LS7YVy3','2020-08-16 23:39:56','friends',1,'all','friends'),(265,'vjewar7c@eepurl.com','974-453-6210','hzrTNco9Vk','2020-08-16 23:39:56','frends_of_friends',0,'all','all'),(266,'sabbie7d@ucoz.ru','356-460-1028','UdXtwCuEa','2020-08-16 23:39:56','frends_of_friends',0,'all','frends_of_friends'),(267,'spinxton7e@umn.edu','159-139-3064','uBKzRFSdMnl','2020-08-16 23:39:56','frends_of_friends',0,'frends_of_friends','frends_of_friends'),(268,'vkalvin7f@ycombinator.com','631-254-7749','Osgnoq','2020-08-16 23:39:56','friends',1,'friends','friends'),(269,'rlortzing7g@dyndns.org','334-342-4486','AKMXGxtExe','2020-08-16 23:39:56','frends_of_friends',1,'friends','all'),(270,'lpopping7h@addtoany.com','541-702-1978','DTMnqb1PfY','2020-08-16 23:39:56','all',1,'all','frends_of_friends'),(271,'ecanto7i@dropbox.com','698-991-9859','ZQP5tBd1uS','2020-08-16 23:39:56','frends_of_friends',0,'friends','all'),(272,'gsinney7j@posterous.com','149-412-5588','KrsbbWX0swG','2020-08-16 23:39:56','friends',1,'all','friends'),(273,'lbruni7k@epa.gov','177-877-9521','xy3HJdIy7Q2','2020-08-16 23:39:56','friends',1,'all','all'),(274,'kfeeley7l@google.com','809-308-6218','dULH5U','2020-08-16 23:39:56','frends_of_friends',1,'frends_of_friends','frends_of_friends'),(275,'esloy7m@g.co','183-470-9136','haBKViH','2020-08-16 23:39:56','friends',0,'friends','friends'),(276,'kevers7n@hexun.com','541-976-4835','whJqmkF','2020-08-16 23:39:56','friends',0,'frends_of_friends','all'),(277,'duttley7o@shareasale.com','645-568-6119','aK9OKZwgwx5l','2020-08-16 23:39:56','friends',1,'friends','friends'),(278,'mstovold7p@businessinsider.com','591-424-0326','2lqanod','2020-08-16 23:39:56','friends',0,'all','frends_of_friends'),(279,'eyushankin7q@reference.com','603-186-3488','JCrYHhsB','2020-08-16 23:39:56','all',1,'frends_of_friends','friends'),(280,'worcott7r@com.com','795-353-3526','V5KVA8HAN0j','2020-08-16 23:39:56','frends_of_friends',0,'all','friends'),(281,'ddurgan7s@wordpress.com','171-984-2523','AE1bbcXSGFr','2020-08-16 23:39:56','frends_of_friends',1,'friends','friends'),(282,'lrawcliffe7t@accuweather.com','121-603-5081','JW23DTvZan','2020-08-16 23:39:56','all',0,'frends_of_friends','frends_of_friends'),(283,'wcharke7u@vimeo.com','618-762-6494','jC5swR1a','2020-08-16 23:39:56','friends',1,'frends_of_friends','all'),(284,'vtennant7v@sakura.ne.jp','848-374-2962','pRoxLh4rkc','2020-08-16 23:39:56','frends_of_friends',1,'friends','all'),(285,'lwagstaff7w@skype.com','349-781-6044','f8Xt7Rdq8zSE','2020-08-16 23:39:56','friends',0,'frends_of_friends','friends'),(286,'roddboy7x@indiatimes.com','288-487-1753','s55cVqKGaAYG','2020-08-16 23:39:56','friends',1,'all','friends'),(287,'sbuckingham7y@edublogs.org','275-788-4075','QQogqDWb','2020-08-16 23:39:56','all',0,'all','friends'),(288,'smcfetridge7z@census.gov','365-149-1582','z4slEfUdcMEU','2020-08-16 23:39:56','frends_of_friends',1,'frends_of_friends','all'),(289,'mlawrey80@dagondesign.com','418-129-3445','wh8yPvidAlp','2020-08-16 23:39:56','friends',1,'all','friends'),(290,'apockett81@va.gov','165-100-8064','0nUWCARfpgU','2020-08-16 23:39:56','friends',1,'friends','all'),(291,'bhought82@army.mil','312-387-2528','6UAsZ27Qk','2020-08-16 23:39:56','friends',1,'frends_of_friends','frends_of_friends'),(292,'cstrethill83@aboutads.info','671-643-7038','2laufwUBdE3','2020-08-16 23:39:56','friends',1,'all','friends'),(293,'dbernth84@clickbank.net','709-408-0852','C7HC4R','2020-08-16 23:39:56','friends',1,'frends_of_friends','all'),(294,'ddawes85@elpais.com','608-226-7763','H9pjrM','2020-08-16 23:39:56','friends',0,'all','frends_of_friends'),(295,'gfalkingham86@flavors.me','727-819-0422','dQHlwnjbu','2020-08-16 23:39:56','all',0,'frends_of_friends','frends_of_friends'),(296,'nfeatherstonehaugh87@geocities.jp','572-412-6780','PMc2iKxSI','2020-08-16 23:39:56','frends_of_friends',0,'frends_of_friends','frends_of_friends'),(297,'rswatman88@google.co.uk','167-309-3318','p7tf9q8','2020-08-16 23:39:56','friends',0,'all','frends_of_friends'),(298,'edyett89@vk.com','427-685-6972','YyxOYS','2020-08-16 23:39:56','friends',0,'frends_of_friends','frends_of_friends'),(299,'aunger8a@ehow.com','293-311-9871','QJNSbxWO','2020-08-16 23:39:56','frends_of_friends',1,'frends_of_friends','friends'),(300,'ngurling8b@google.com.hk','130-845-7982','ULsYnD','2020-08-16 23:39:56','frends_of_friends',0,'friends','all');
/*!40000 ALTER TABLE `users` ENABLE KEYS */;
UNLOCK TABLES;

--
-- Table structure for table `users_communities`
--

DROP TABLE IF EXISTS `users_communities`;
/*!40101 SET @saved_cs_client     = @@character_set_client */;
/*!40101 SET character_set_client = utf8 */;
CREATE TABLE `users_communities` (
  `community_id` bigint(20) unsigned NOT NULL,
  `user_id` bigint(20) unsigned NOT NULL,
  `is_admin` tinyint(1) DEFAULT NULL,
  PRIMARY KEY (`community_id`,`user_id`),
  KEY `user_id` (`user_id`),
  CONSTRAINT `users_communities_ibfk_1` FOREIGN KEY (`user_id`) REFERENCES `profiles` (`user_id`),
  CONSTRAINT `users_communities_ibfk_2` FOREIGN KEY (`community_id`) REFERENCES `communities` (`id`)
) ENGINE=InnoDB DEFAULT CHARSET=utf8;
/*!40101 SET character_set_client = @saved_cs_client */;

--
-- Dumping data for table `users_communities`
--

LOCK TABLES `users_communities` WRITE;
/*!40000 ALTER TABLE `users_communities` DISABLE KEYS */;
/*!40000 ALTER TABLE `users_communities` ENABLE KEYS */;
UNLOCK TABLES;
/*!40103 SET TIME_ZONE=@OLD_TIME_ZONE */;

/*!40101 SET SQL_MODE=@OLD_SQL_MODE */;
/*!40014 SET FOREIGN_KEY_CHECKS=@OLD_FOREIGN_KEY_CHECKS */;
/*!40014 SET UNIQUE_CHECKS=@OLD_UNIQUE_CHECKS */;
/*!40101 SET CHARACTER_SET_CLIENT=@OLD_CHARACTER_SET_CLIENT */;
/*!40101 SET CHARACTER_SET_RESULTS=@OLD_CHARACTER_SET_RESULTS */;
/*!40101 SET COLLATION_CONNECTION=@OLD_COLLATION_CONNECTION */;
/*!40111 SET SQL_NOTES=@OLD_SQL_NOTES */;

-- Dump completed on 2020-08-17  0:10:14
